TRANSACTION_ID,CUSTOMER_ID,PRODUCT_ID,MERCHANT_ID,TRANSACTION_DATE,TRANSACTION_TIME,QUANTITY,TOTAL_PRICE,TRANSACTION_CARD,TRANSACTION_CATEGORY
a16a3bc0-f360-4197-a93c-00af4bc1fc50,16292,144,40,2024-09-11,22:23:21,7,2431.8,American Express,Purchase
0c841466-663b-4ae7-83be-fe35dd9f7596,9312,154,13,2023-10-24,06:59:16,7,3581.2,Visa,Purchase
6fccaf3d-f10f-46a7-af52-173a56e09dc0,19131,159,64,2023-12-23,08:30:27,5,5149.05,Mastercard,Purchase
d7878adb-ffc9-409d-bea5-853f89adc9be,37975,173,56,2024-04-25,21:03:28,5,6905.05,Discover,Purchase
647cc910-92a3-439f-a1e9-53cda3bfe247,17220,119,3,2024-09-02,02:18:32,9,7723.35,Visa,Purchase
cbe6876a-2c4a-43d9-b6b0-0878014d1b0e,40024,159,3,2023-12-23,18:45:29,4,4119.24,Mastercard,Purchase
67f39ae9-a1d9-4db6-87d6-86633ce17c5a,32389,159,34,2024-06-11,11:02:31,9,9268.29,Discover,Purchase
c2cc218e-df6d-485e-bf7f-90efb3491200,27494,143,34,2024-07-05,01:46:44,1,977.1,Discover,Purchase
bcf8f08d-dee5-4d28-a5dc-2256ad43341f,11994,102,34,2024-06-09,22:01:58,8,7125.52,Visa,Refund
085ccacf-e458-4a8c-83ab-ab4cd2c23a01,26435,189,56,2024-08-24,04:55:20,9,6071.67,Visa,Purchase
72fbaa42-9df6-4146-96b9-34c51478b68a,7501,159,16,2023-10-30,08:11:19,6,6178.86,American Express,Refund
3b5cbace-1943-44b3-a454-4888e25bbf4b,15178,169,65,2023-12-07,11:32:09,2,2472.4,Mastercard,Purchase
f07d8bb8-42cb-49ec-be88-8d17206c2854,45903,144,65,2024-02-05,08:50:06,3,1042.2,Visa,Purchase
a7f60e45-d093-46b2-af33-0937e4b356a4,23508,102,40,2023-10-12,08:49:43,10,8906.9,Mastercard,Purchase
8d2c196e-ff0f-4bc2-be81-384d89c3c3e3,37144,199,65,2024-08-03,17:47:35,2,1342.1,Discover,Purchase
fcbd0477-7d35-4f89-a385-521942161c82,11258,160,35,2024-04-13,19:41:36,7,4666.34,Discover,Purchase
95680480-8d48-493e-abff-494daf534bb1,21790,119,40,2024-06-23,05:13:26,9,7723.35,Discover,Purchase
c3c1995e-a2e5-44c6-a951-f72698531c5c,2487,173,34,2024-05-06,07:42:51,10,13810.1,Discover,Purchase
9f9beb74-3a0b-4cba-a261-6e8524612dd5,26020,159,61,2024-06-17,10:55:53,4,4119.24,American Express,Purchase
f6a08d3c-b910-4a8d-8c79-c0d88e8e96f1,47266,102,16,2024-02-18,04:51:51,6,5344.14,American Express,Refund
457c614b-91d0-45be-8245-dbadddbf0471,1625,143,35,2024-10-04,10:37:53,8,7816.8,American Express,Refund
1577a8ce-0396-4b45-a72d-795ff32eab1d,36034,154,61,2024-04-13,12:03:08,10,5116,Discover,Purchase
fb764e12-507a-485d-995e-4d06c4fb649a,32275,160,65,2024-02-21,10:07:17,2,1333.24,Mastercard,Purchase
2127a2e3-4876-4b5a-bb61-37d2229c678a,13847,159,42,2024-06-24,15:44:41,8,8238.48,Mastercard,Refund
884b8623-cc22-475b-b415-59d6e0017c44,46921,169,61,2024-02-08,18:12:01,6,7417.2,Discover,Refund
887b228c-958b-4ca5-a650-b74e4a36be8f,25983,199,13,2023-12-15,07:17:20,1,671.05,Discover,Purchase
de0d3d63-0b68-4684-b6a2-e59718ac4d10,21726,102,16,2024-09-21,04:04:29,9,8016.21,Mastercard,Purchase
caf316c2-e86e-4b4c-bd86-d3a03fda46e7,34325,119,3,2024-01-14,09:08:37,5,4290.75,American Express,Purchase
92e8196d-351b-4e04-8380-c705f769e7d0,7498,173,35,2024-07-07,06:26:56,9,12429.09,Discover,Purchase
3c795a01-e7d9-4164-a736-0720f7ba5ba9,44721,159,64,2024-05-20,04:26:44,1,1029.81,Discover,Refund
a56d5cbc-c2fd-41bd-ba17-6df20d1d67ac,6287,173,42,2023-11-07,21:50:18,7,9667.07,Visa,Purchase
dd9e72c4-c5a9-4fa8-b675-a1cedc24c716,45274,102,40,2023-10-30,21:35:09,10,8906.9,Discover,Purchase
4f4fc141-fd1f-4bad-b27e-76e38810eb16,21727,102,13,2024-05-26,08:47:16,6,5344.14,American Express,Purchase
cfe63eb7-87fb-48e5-863d-c58c6d628ac4,36302,169,3,2024-02-29,20:08:37,5,6181,American Express,Purchase
328e4adf-10c5-4ef8-bc75-702d6c3c966c,6192,144,3,2024-08-07,00:00:07,1,347.4,Visa,Refund
68753556-c24c-4053-b661-f3808ddd2c25,49222,169,55,2024-03-06,22:08:55,9,11125.8,American Express,Refund
9891105c-d223-46cc-8528-c4af9537cfb0,18778,154,13,2024-05-03,14:41:08,8,4092.8,Visa,Purchase
168bca84-5707-4ac6-91eb-0a8328800dde,19003,169,55,2024-06-28,13:10:22,4,4944.8,Visa,Purchase
0229764e-cebc-4053-97c4-d7d8bd6f2826,26435,154,40,2024-01-18,22:44:57,2,1023.2,Mastercard,Purchase
827a7dbf-7dc8-4e82-90b8-afd5ee54636c,9901,189,65,2024-03-01,18:46:14,2,1349.26,Visa,Purchase
05a0bfcb-7bb3-47d4-9dc5-c0338d8665ec,49185,143,64,2024-01-29,19:14:20,9,8793.9,Mastercard,Purchase
029da86a-e620-4daf-b9de-89ec3b5a702b,24022,159,34,2024-05-03,20:22:20,9,9268.29,Discover,Purchase
bdd8e92b-75cc-4320-adbc-a7ca990c41a8,2882,173,56,2024-03-12,02:55:48,9,12429.09,Mastercard,Purchase
c93cdee0-03b5-47e3-a0c9-b9571bbab8fb,8589,149,3,2023-10-17,10:51:26,4,5351.8,American Express,Purchase
6058e084-b4fa-4091-bb07-eb435b485b33,2157,199,34,2024-01-19,16:03:53,5,3355.25,Discover,Purchase
692978c1-125b-42e8-aaf2-71db7f5eb67e,30084,154,16,2024-06-21,06:07:56,4,2046.4,Visa,Purchase
1aba46fe-9f48-43cc-b43d-fe199bf24e04,29874,102,35,2023-12-07,11:47:59,9,8016.21,American Express,Purchase
258c37bb-a649-4df0-a09f-902496c3603b,21657,119,33,2023-12-18,21:17:55,3,2574.45,Discover,Refund
93ee93dc-971b-4112-aaa5-83e3785566e6,1331,199,35,2023-12-01,09:55:33,4,2684.2,Discover,Purchase
09f69ed3-acf2-457c-bb1c-f7248dd46d2f,23954,173,56,2024-06-18,05:31:33,10,13810.1,Visa,Purchase
579f3a1d-19d1-4781-9a3f-72beb8beef1c,37588,102,56,2024-09-05,15:58:46,7,6234.83,Mastercard,Purchase
6bb3d9b9-6d1c-44c4-8792-c82d128b6f1b,41118,199,33,2023-12-25,05:12:10,4,2684.2,Mastercard,Refund
4ab30a1b-b376-4c2d-ac29-d840998f8a02,35430,149,40,2024-04-01,18:53:41,9,12041.55,American Express,Purchase
e6a651e0-89b8-4845-b645-a900e89a1488,40913,144,24,2024-05-29,12:14:03,1,347.4,American Express,Refund
693060ab-a8c1-4cf4-90f0-3f6cf2959a82,4796,169,24,2024-07-31,05:21:39,9,11125.8,Mastercard,Purchase
941af1ec-94f1-4597-952a-29eda512c472,4122,159,61,2024-01-19,09:28:49,10,10298.1,Discover,Purchase
9714263b-b473-4478-8632-a7b522be11f7,37921,143,40,2023-12-23,03:13:48,4,3908.4,Mastercard,Purchase
dd58bfb6-426f-492f-a24e-74e13db232b8,44721,159,24,2024-02-19,00:04:54,6,6178.86,Visa,Refund
beb5dd15-162b-4ede-816f-b36a80141b61,21511,169,16,2024-04-08,14:59:07,6,7417.2,American Express,Purchase
48bae71f-f503-48a3-8c88-5bef842a071b,23585,189,40,2023-10-18,14:04:00,1,674.63,Visa,Purchase
5bd863c8-d650-417d-b7af-741e4540a7ce,44684,173,40,2024-08-22,08:14:14,7,9667.07,Mastercard,Purchase
f0c238f8-5793-4a68-9066-c16b2914e181,7530,143,3,2023-11-22,09:39:14,7,6839.7,American Express,Purchase
19c7ce65-5d9a-4b0f-9251-a195df52e780,36639,144,40,2024-01-12,08:15:57,4,1389.6,Mastercard,Refund
8e2a2afc-34ab-4d83-a5f5-167a7dc7dd76,32393,159,55,2023-11-08,12:02:46,7,7208.67,Discover,Purchase
2e2c6af9-e40a-4d07-a362-0435fa110fe3,3427,160,24,2024-02-29,01:16:08,4,2666.48,Visa,Purchase
f7577a99-2fd9-42ed-92e7-392fc78faef7,37917,102,13,2024-06-25,04:33:35,7,6234.83,Discover,Purchase
6652023d-7f5e-49fe-96e4-bd99953c9605,38992,159,33,2024-09-17,14:32:38,4,4119.24,Visa,Purchase
88a24a69-e151-412e-99c4-32c3123a2128,23246,149,40,2024-10-06,17:41:12,10,13379.5,Visa,Purchase
6a9491cd-75e3-4aff-bd23-b8554443ddc2,33115,143,61,2024-06-06,12:25:54,7,6839.7,Visa,Purchase
43e120d1-2bbc-4bf3-ab7a-57757687659e,25692,154,16,2024-06-08,01:35:35,7,3581.2,Discover,Refund
32bb8f13-cd81-4938-bdaa-647bc0296cd3,23349,160,56,2024-08-29,20:28:15,2,1333.24,Discover,Purchase
c92f88ca-3b1e-43ee-8b15-c6975b911930,1677,189,40,2024-04-27,21:38:21,8,5397.04,Discover,Refund
dee83d01-8c1a-424f-b2ae-bcefb4bfd423,45763,143,3,2023-10-12,06:23:51,4,3908.4,Mastercard,Purchase
f71dbb9a-f7de-42b5-8a0a-2c279b32715f,36521,169,56,2023-10-19,07:13:06,1,1236.2,American Express,Refund
2ac1344f-4c47-481f-a401-011fc9250288,34651,189,3,2024-05-13,18:10:57,2,1349.26,Discover,Purchase
d2cca5b1-423b-41f5-963c-882c0cdc372f,8224,169,13,2024-10-04,19:02:14,10,12362,Mastercard,Purchase
c711532f-e19d-4ce3-b4d2-a1c41dfe7bf4,2413,154,34,2024-04-25,19:23:35,2,1023.2,American Express,Refund
a0bedafe-8a4e-425c-b012-ae8436708449,22005,149,56,2024-01-29,14:51:34,8,10703.6,Discover,Purchase
b336fd6e-4dd2-4c75-97c5-786aad470314,46816,119,35,2024-10-01,08:21:26,9,7723.35,Discover,Purchase
9ccb511c-4ac7-4dd3-bc39-15b4771207a5,24177,144,13,2023-11-22,07:57:12,1,347.4,Visa,Refund
72b47458-3451-4fa3-81f3-ed9069ecc8f9,39454,154,42,2023-11-09,11:17:37,9,4604.4,Mastercard,Refund
559daae6-40c6-487d-810e-ad6ab9305d84,22513,160,42,2024-02-26,16:08:27,4,2666.48,Discover,Refund
fe754632-9836-4871-9c70-f26b0355770b,1025,149,34,2024-03-09,19:50:05,4,5351.8,Discover,Refund
9f076163-e53b-45e5-bb1e-0e53584bd868,1894,169,40,2024-10-05,16:01:23,1,1236.2,American Express,Purchase
17b5f26b-3f53-4019-ab8c-84ade62d128f,15081,119,16,2024-06-08,16:44:21,6,5148.9,Mastercard,Refund
4c04fcbe-2bf8-4c27-9c25-a64dfc8ff4fc,27809,160,55,2024-01-30,22:56:09,6,3999.72,American Express,Purchase
6a799d64-0af5-4307-80ab-1b8f22ff5278,37080,189,13,2024-08-14,21:16:48,4,2698.52,Visa,Purchase
b89c14e9-6dc5-401e-931c-7003fedcf437,15380,173,65,2024-05-15,06:05:15,4,5524.04,Mastercard,Purchase
6fd790fd-16fa-4d45-92a2-95ebbf234241,16874,159,24,2024-07-20,02:45:30,7,7208.67,Visa,Purchase
24ea7fde-9ab4-49e0-baed-d696eebc3f4c,24621,144,55,2024-07-06,13:34:39,4,1389.6,Mastercard,Purchase
0a2d2325-f541-4b7d-80ce-0ccb59de4789,38267,154,55,2023-10-30,00:25:45,8,4092.8,American Express,Purchase
20525641-f27b-4eb5-ad93-231c1872ed14,40010,159,55,2024-06-09,07:36:03,4,4119.24,American Express,Purchase
21c6de9e-d801-4bb7-85fc-390955fb56a7,26561,143,33,2024-03-23,13:21:40,2,1954.2,Mastercard,Purchase
dde671ac-e949-442f-bca2-e9f512123496,34366,159,64,2023-12-07,17:32:38,4,4119.24,Mastercard,Refund
6703333e-9bce-40ba-91c5-50077cf27976,48541,173,65,2024-05-25,01:26:16,3,4143.03,Mastercard,Purchase
b8ff23b8-dc88-4792-90e3-222d7d142887,48508,154,42,2024-03-15,06:35:10,8,4092.8,American Express,Purchase
cb57f9fc-bab0-442b-a8ec-680990caff91,43618,143,16,2024-08-30,03:40:50,4,3908.4,Visa,Purchase
e0b6103f-bf61-4c28-8f13-97070af2fd6b,47950,143,13,2024-02-12,02:51:15,10,9771,Discover,Refund
32d285de-7ba5-4c78-ae27-bc3c42633b58,18284,159,13,2024-06-18,07:56:58,3,3089.43,Mastercard,Refund
e48fa655-c934-4a1a-aaf3-59a08dea8e27,6861,149,65,2023-12-05,02:10:12,7,9365.65,Discover,Refund
aa53fc91-2191-41cb-898e-eff9bf537f0a,1909,154,3,2024-08-29,14:23:08,10,5116,Mastercard,Refund
87d53762-a805-4927-9c9e-2df4733458e4,42975,144,24,2024-08-10,22:05:53,2,694.8,Discover,Purchase
66b5e922-1846-4733-b945-929ba04c5d54,39940,199,35,2024-05-23,03:58:53,6,4026.3,Mastercard,Purchase
57551483-be16-461e-8de8-ac2febefdeb9,4552,160,40,2024-04-05,14:32:26,1,666.62,Mastercard,Purchase
e71761d3-230a-4877-9bdd-dc79483acb4f,37593,160,64,2024-07-06,10:51:36,8,5332.96,Visa,Purchase
5aef6c46-b04c-4380-aca9-047f7c6bc590,34803,154,61,2024-08-21,23:44:10,1,511.6,Visa,Refund
c8218993-9846-40a1-8d4b-17ff576e94d3,36618,149,35,2024-01-19,18:30:28,8,10703.6,Discover,Purchase
20e5cd1a-70f7-48f4-ae29-19ff554630ad,22553,199,16,2024-02-09,10:21:51,2,1342.1,Mastercard,Purchase
4fb29ccc-1aa6-47d0-b79a-cea8f098fe0f,48805,169,56,2023-12-10,07:16:57,5,6181,Mastercard,Purchase
f84f7270-2e2f-4195-82d6-535468a9895c,42220,102,33,2024-03-09,17:29:01,2,1781.38,Discover,Purchase
a53d12bc-8016-4af1-9edf-e0be58051da4,22179,144,55,2024-03-06,10:41:32,6,2084.4,Visa,Purchase
cde7bed7-8f22-41d4-8ea2-0ca89b9d1556,6161,102,24,2024-08-20,01:51:53,5,4453.45,Mastercard,Purchase
0794370c-8bf0-4fac-83d2-d95e0e142664,2964,102,16,2024-04-16,23:20:54,3,2672.07,Mastercard,Refund
e71ba328-aaff-406b-ae8d-aeb6678e0040,5992,102,55,2024-10-05,21:44:51,1,890.69,Visa,Purchase
586e4646-c78b-4d48-8519-160590bfa457,15944,159,3,2024-02-13,06:13:13,8,8238.48,Discover,Refund
766db331-a8ca-412c-b84a-6c812f5aca57,16791,143,33,2023-12-28,16:49:37,7,6839.7,Visa,Purchase
b529d31d-9c19-456b-b3c5-32a1de4384d8,18641,119,42,2023-10-23,10:21:51,1,858.15,Mastercard,Refund
fb2c162d-25b9-4161-98b5-855366cd9070,49926,119,56,2024-08-05,14:10:51,5,4290.75,Mastercard,Refund
6bf74eaa-f88c-4a05-8d3e-7831537dcfa8,5142,144,34,2023-11-21,14:54:18,5,1737,Discover,Purchase
1373c49c-b54d-4457-8215-eba746a4327c,28282,102,61,2024-05-06,02:43:26,1,890.69,American Express,Purchase
2ce0d774-4533-47d4-922f-e3c1c7a46c2d,20013,199,55,2023-12-26,23:40:53,8,5368.4,Visa,Purchase
5dd71bb2-9789-4a14-a957-ec0f81021b11,2074,144,65,2023-12-10,19:14:18,10,3474,Mastercard,Purchase
daf67297-b649-45f1-8846-43bf1d7a61eb,21790,159,16,2023-12-04,13:14:20,8,8238.48,Visa,Purchase
5f4bff7f-5421-4496-a75e-b78c561c37ea,42975,160,61,2023-10-12,13:49:28,2,1333.24,American Express,Purchase
19b94e6e-42b2-4160-b644-d5ac4140e91d,40873,119,40,2023-10-08,14:15:41,4,3432.6,Mastercard,Purchase
55ea619d-8c2c-4b56-a782-bdfc592e0fed,49501,149,16,2024-07-19,18:02:17,3,4013.85,Discover,Purchase
8ce81eaa-dcf0-479b-a3bc-50dddb1abc98,35284,169,42,2024-07-18,14:00:03,8,9889.6,Visa,Purchase
0c013855-67c2-49ee-95b1-b544e392b743,17923,144,13,2024-06-10,20:57:15,3,1042.2,American Express,Purchase
c750d7d5-c199-44c5-a9e0-46a9289acc0c,21015,144,35,2024-07-23,12:47:47,8,2779.2,American Express,Purchase
82175ef3-deda-4029-a454-765e17b79482,7530,143,65,2024-08-08,20:39:00,6,5862.6,Visa,Refund
e36e566a-2863-4e86-b1a4-8c56981c33f8,11997,144,35,2024-07-06,11:44:45,9,3126.6,Mastercard,Purchase
eff5d2cb-a899-4796-8919-778fdd592c16,29687,149,56,2023-11-29,11:48:06,4,5351.8,Mastercard,Purchase
bd338743-cdfe-45b3-8465-858d9d27578d,18373,102,16,2023-11-23,00:01:48,1,890.69,Mastercard,Purchase
257025dd-b7b7-4488-9dbe-1307ef1e61f5,6106,173,55,2024-09-02,04:41:04,2,2762.02,Visa,Purchase
776fa6b6-7da5-4ca2-b736-4395c5ffcaa5,30220,159,24,2024-02-19,16:40:30,7,7208.67,American Express,Refund
9578f1b7-f598-410e-9dd0-f216e50906cc,27174,199,61,2023-12-09,14:11:06,8,5368.4,Visa,Purchase
f52a1a84-f6c5-4b2d-839a-46d363dd8494,28803,149,24,2023-12-18,02:58:32,7,9365.65,Visa,Refund
7c5a00ef-bc6a-4659-b669-cd087f88bbeb,40257,169,35,2024-07-13,23:18:57,1,1236.2,Mastercard,Purchase
7d686487-9569-4e18-b1fe-f897afe22fe4,23677,169,55,2024-06-15,12:12:41,2,2472.4,Visa,Refund
20f25441-497e-456c-a505-3116343480de,20232,149,40,2023-12-27,01:50:20,2,2675.9,American Express,Purchase
b4f17e4a-2a79-488f-8ea7-5e20d750ca7f,14935,154,34,2024-07-22,23:40:01,3,1534.8,Visa,Purchase
02ff2447-0604-48c0-8cd5-9023b97156fd,30899,173,33,2024-05-29,14:50:42,8,11048.08,Mastercard,Purchase
65c238bd-05b6-47be-8acd-4323a000527e,28944,173,3,2024-04-15,11:50:27,4,5524.04,Discover,Purchase
ccb905ee-e7c9-4870-95ff-43940ce18132,30867,119,35,2024-01-05,01:13:22,1,858.15,Mastercard,Refund
a5b83430-6e5f-49af-9c84-d15807f6cd7c,4213,102,13,2023-11-25,13:19:08,10,8906.9,Mastercard,Refund
4b44975e-b561-4b0e-8209-600e63eb54f5,39857,169,40,2024-06-11,11:50:34,4,4944.8,Discover,Purchase
6a747366-5ce9-4f1d-94aa-d6d76aecb48c,16088,199,24,2024-09-24,01:10:45,2,1342.1,Discover,Purchase
56987dce-fa29-4f10-a945-3f39d26d4f02,11997,119,42,2024-09-09,20:55:36,10,8581.5,Mastercard,Purchase
d6ba6c3b-adbb-4fd4-94bb-9d12eebf976a,45207,154,3,2024-08-07,07:00:35,9,4604.4,Visa,Refund
dc975b72-7583-4fbd-be52-4472e24c6dd9,48786,149,56,2023-11-05,13:34:12,1,1337.95,American Express,Purchase
793db146-d311-4289-b2f6-1f171b67ecf0,26129,143,24,2023-12-31,05:21:02,5,4885.5,Mastercard,Purchase
974b4ac1-fe89-42a0-ae5d-6e7b53c8d0ae,31449,149,56,2023-10-30,16:28:55,8,10703.6,American Express,Purchase
f2e358b2-1f1d-42f7-97af-d6a856bf289c,33078,144,34,2024-08-17,16:17:07,9,3126.6,American Express,Purchase
3f2d0198-c380-41d3-9f4b-41572d946474,41803,149,35,2024-06-01,03:30:10,3,4013.85,Discover,Refund
5d9bb9dd-97d2-48e8-b8df-73757b70e38e,28620,119,16,2023-11-29,13:33:15,8,6865.2,Discover,Purchase
6dbb0375-e86f-46a6-8984-5de4dd4273fe,26470,159,65,2024-01-30,11:34:24,4,4119.24,Mastercard,Purchase
4ecb8825-447f-41f7-87bf-ac36367c9016,40379,102,64,2024-06-09,12:45:57,4,3562.76,Mastercard,Purchase
4ecd89c2-06d4-41ae-b268-10c371a8a392,9923,189,16,2023-11-24,04:47:09,1,674.63,Discover,Purchase
3ad8822a-5955-4c28-8666-0e74a6ee8d6d,20063,189,16,2024-05-16,12:54:20,2,1349.26,Discover,Purchase
561ad0a5-64f0-46af-837d-c67a7402f974,4486,199,35,2024-02-28,19:14:14,9,6039.45,American Express,Purchase
56c71830-30d7-4770-9081-c05524cacce9,15282,160,40,2024-04-19,19:17:56,8,5332.96,American Express,Purchase
f04cc014-99ff-4ffc-bfee-970438c23197,33207,199,35,2024-06-06,03:24:53,9,6039.45,Mastercard,Purchase
636cc9c5-00cc-44a4-9811-2e1c3e2e8968,26573,160,34,2024-01-25,11:57:04,1,666.62,American Express,Purchase
d9000a09-16c6-44a2-9171-78a8815f206f,28117,159,42,2023-11-17,23:16:50,10,10298.1,American Express,Refund
8e7310db-53f6-438f-827f-5539b67765d0,17549,119,13,2024-09-02,15:47:22,6,5148.9,Mastercard,Purchase
938da8c3-11a7-4d42-a143-c9eb8007829e,49926,169,16,2024-06-11,04:47:49,6,7417.2,Visa,Purchase
0751544d-0294-48a3-bdd5-f8e0c80ceffa,6713,154,16,2024-05-27,20:10:55,5,2558,Discover,Purchase
7b0bdf7f-5929-40e8-8ef4-c32167d9657e,40676,160,34,2024-02-29,09:12:23,9,5999.58,Discover,Purchase
b62577da-4438-4f15-a8d8-05fc7c853123,14198,160,61,2024-01-24,18:23:55,5,3333.1,Visa,Purchase
fd1c2f67-9e09-4977-b303-158ec5078050,25207,119,42,2024-07-07,06:02:46,3,2574.45,Discover,Purchase
c354d744-2f6a-487e-a419-0d415a2c12d2,32270,199,13,2024-10-01,12:14:24,8,5368.4,Visa,Purchase
a4bb5b94-edeb-49d3-a52e-de24b9c27546,18058,119,33,2024-01-16,10:00:02,8,6865.2,Visa,Purchase
5302f559-f572-424b-a680-9c7c29c9cfbe,43569,159,56,2024-06-02,12:07:07,2,2059.62,Visa,Refund
b87fbe84-7af6-4544-aa73-300daca7239f,20640,154,34,2024-02-22,19:39:58,7,3581.2,Visa,Purchase
60a46645-ec80-4627-b7bd-f42d244937da,25384,119,61,2024-02-05,14:26:53,5,4290.75,Visa,Purchase
0bfdda27-fffc-45c0-a47f-fcc016c858cf,33850,173,65,2024-01-13,18:49:59,5,6905.05,Mastercard,Purchase
349fecfe-e706-4ccb-ac8b-af83cd1fce78,19540,173,65,2024-06-26,23:26:44,3,4143.03,Mastercard,Purchase
7e599321-c56a-420e-aeea-2eb2b53ebc76,7563,149,65,2024-04-30,18:35:43,7,9365.65,Visa,Purchase
60038ee8-a68b-4413-bee5-31c086ac3ec0,43526,160,16,2024-06-08,08:41:17,9,5999.58,Visa,Purchase
bc5e82f4-bd43-4c97-8a45-fd115b909a12,13167,119,35,2024-03-09,19:26:40,6,5148.9,American Express,Purchase
53394032-099c-4bae-9aa2-f060778c25ad,11493,173,3,2023-10-19,17:07:15,6,8286.06,American Express,Purchase
958ea7df-c899-4c88-a24a-47ff94bf2d1f,2634,154,61,2024-06-29,08:08:30,3,1534.8,American Express,Purchase
f6380971-c939-4911-b0c5-9f2732d2a41a,5357,154,24,2024-05-14,09:33:07,2,1023.2,Discover,Purchase
62917b36-4fde-4dfc-a012-b56fd550c6cf,48186,144,33,2024-05-16,23:03:45,9,3126.6,American Express,Purchase
073b1219-b6f9-4d17-adce-ed733cc017fe,25114,154,56,2024-01-02,17:23:49,8,4092.8,American Express,Purchase
2b3f9ccd-0b38-4cfa-8914-a76adab144cf,38215,160,33,2024-02-14,22:38:02,6,3999.72,American Express,Purchase
dc95e155-ced5-4760-a460-a59a3f1f53b5,14012,189,35,2024-01-10,23:12:52,4,2698.52,Visa,Refund
c42010d3-f1ed-4bac-be7b-d0671ba5b08e,9948,119,65,2024-01-19,10:22:41,6,5148.9,Visa,Purchase
ff8b63e9-4ca4-48c1-a95e-65c538c8455c,42126,149,24,2023-10-25,21:22:50,3,4013.85,Discover,Refund
9018f712-7dcc-4b3b-bcf5-1028c8b87629,5089,169,55,2023-12-27,12:16:49,9,11125.8,Discover,Purchase
673d27af-5713-4709-b852-300a79a199d6,30791,173,13,2024-01-29,21:32:12,9,12429.09,Mastercard,Purchase
7877d615-5a1a-4659-ac86-e51333b31e5e,19854,144,64,2024-05-17,08:57:18,7,2431.8,Visa,Purchase
a30c3283-c4b1-4f72-9a68-39a4f130a0b5,6771,199,34,2023-11-07,14:38:42,9,6039.45,Discover,Purchase
00c19c89-8d0d-4131-9fff-0c55d705c8bc,39351,102,61,2024-08-24,01:40:44,9,8016.21,Mastercard,Purchase
ad03da80-c378-4f03-b54d-75ffa5d7d92d,24085,160,13,2023-10-21,13:06:57,4,2666.48,Visa,Purchase
e23194d0-e83f-4956-8674-67ccfb216bf6,32646,160,65,2024-05-24,07:40:58,8,5332.96,American Express,Purchase
e2b611bf-146e-477d-96f3-49e485b915f7,18766,173,61,2023-12-10,11:03:55,4,5524.04,American Express,Purchase
1a4f902f-92e8-42ae-bf49-5d5308cfbea6,4066,149,42,2023-10-11,23:11:54,5,6689.75,American Express,Purchase
eadfc1c1-91bb-4286-bcd5-5c33939d7af6,35177,102,24,2024-06-01,13:07:52,3,2672.07,Visa,Purchase
83e50151-2248-41cc-b62f-99e0a909791b,12768,160,65,2024-03-17,07:30:56,6,3999.72,Discover,Purchase
9357b39f-ee4c-4d79-9cca-727bf6dc2737,10275,143,61,2023-12-26,11:41:39,3,2931.3,Mastercard,Purchase
08fd6a77-a1ac-4e71-89dc-d3e2ae145c8f,22518,199,24,2024-07-02,03:30:25,4,2684.2,American Express,Purchase
9c4f035f-b60a-445b-8437-c3dfba93f011,17854,119,35,2024-08-07,07:27:42,3,2574.45,Visa,Purchase
08b18fdd-8072-4420-9a8b-03ef98bce9f4,38911,154,33,2023-11-27,21:33:43,8,4092.8,Visa,Purchase
aa5398ed-0604-4da4-94dc-a5ffaba54feb,4485,173,3,2023-12-28,13:59:39,7,9667.07,Visa,Purchase
35a27bb2-3af1-4494-a927-4a5ad65957f5,16517,144,35,2024-01-31,00:27:53,10,3474,Visa,Purchase
670e462b-fe04-408b-a2ac-fc027fd9ccdb,4464,173,33,2023-12-09,20:35:37,2,2762.02,Visa,Refund
c5d63725-0751-4cca-abab-98bb391f1467,40744,189,34,2024-08-31,16:38:25,4,2698.52,Mastercard,Purchase
1207a167-ca6a-40cd-81a4-04da1102ff7e,44007,160,16,2023-10-31,08:30:46,3,1999.86,Discover,Purchase
39781355-88bd-4012-a11d-1236256aaa89,30152,154,42,2024-02-15,18:35:01,10,5116,Mastercard,Purchase
dbce8468-29ce-4687-aad7-209b19c652f3,49177,160,3,2024-04-02,06:25:48,8,5332.96,American Express,Purchase
1a86ccea-eaf5-4d7b-87a3-818dcb27f572,42279,119,64,2023-11-10,11:35:18,9,7723.35,Mastercard,Refund
5cbf1b8f-c52f-4c4c-b268-3d9ae5ed26d6,12138,154,64,2024-05-13,06:19:01,8,4092.8,Discover,Refund
c92f0668-0efa-4924-ae65-38d2b014da64,26213,149,40,2024-08-18,09:21:42,8,10703.6,Visa,Purchase
266eb01a-c554-4060-8b3c-2df4bd2f9428,29894,199,13,2023-12-31,11:01:37,1,671.05,American Express,Purchase
f2c63d6b-107a-4c4d-80e4-4c64a6d8d7da,45861,199,13,2023-10-26,15:28:47,5,3355.25,Discover,Purchase
794633f2-881a-43b7-8ae0-a330388dea07,26920,154,34,2023-12-17,05:14:56,5,2558,Visa,Purchase
b3cced44-18dd-4619-84b5-49d7353ad5a1,12002,159,65,2024-07-06,22:21:23,3,3089.43,Discover,Purchase
6dc89eb9-9318-4010-8189-3929a6ce0b43,45325,173,35,2024-05-30,05:09:14,8,11048.08,Mastercard,Purchase
9c6e69fc-34cb-4d90-9024-0fae7b8c9237,21749,169,56,2023-12-03,08:07:01,5,6181,American Express,Purchase
7cf717fe-37ae-4476-9d30-e4105e25595f,33115,199,42,2023-11-11,08:22:19,5,3355.25,Discover,Purchase
c97b0107-747a-44d5-accc-d24318fcbb86,31083,199,40,2024-08-03,00:19:52,10,6710.5,Mastercard,Purchase
e00aa681-cd13-4c1a-a67e-973c64b144ad,1248,102,33,2024-02-20,12:24:48,5,4453.45,Mastercard,Purchase
495d49e9-04fd-44a3-8faf-390b81465d09,46175,199,24,2024-03-27,18:27:51,10,6710.5,Discover,Purchase
632d9164-1bd3-4daa-b6e3-253b51aa79ed,21790,160,42,2024-08-04,15:24:51,2,1333.24,Discover,Refund
59042a12-1d90-4afb-a4eb-fb0ad3a148fd,20916,149,33,2024-05-12,09:27:46,5,6689.75,American Express,Purchase
d9326666-40ec-434a-b0b8-9a8817bd6921,13741,159,34,2024-09-18,18:03:08,3,3089.43,Mastercard,Purchase
7053cb96-e233-4e8e-8c8f-e0d6634b991c,45677,160,64,2024-03-24,16:53:36,5,3333.1,Visa,Purchase
44c3bd08-fbba-410c-b80a-e87fe9ebfb45,2789,143,40,2024-07-30,03:23:47,3,2931.3,American Express,Purchase
643f2613-2b9f-47ca-8256-4c16c6ee097c,33724,173,16,2023-11-26,23:14:31,7,9667.07,Mastercard,Purchase
5f009e92-167e-481a-8739-4dca9ff66e8e,6403,144,33,2023-11-04,18:22:39,3,1042.2,Discover,Purchase
216579ab-5d28-4d7e-974d-3052f0b1e1f8,15596,173,56,2023-12-24,09:39:42,7,9667.07,American Express,Purchase
ba6f62f5-928e-47e0-9082-f56228006bfa,22157,169,61,2024-02-12,08:23:22,6,7417.2,Mastercard,Purchase
1a5c0d0e-bb3a-4fca-b7ec-32b69a7e212b,7246,143,61,2024-04-01,13:59:49,5,4885.5,Discover,Purchase
2eba5dcf-4af4-4898-9ce8-0fc5230b07db,23665,189,24,2024-01-31,18:51:52,7,4722.41,Visa,Refund
a7c64f52-f35d-4fb3-84e4-b4f792ec9b9b,38621,143,61,2024-02-12,23:47:13,4,3908.4,Mastercard,Purchase
19f23ae1-78a7-4559-84de-1b64a85bb4f1,12266,102,40,2023-10-22,01:39:25,8,7125.52,Discover,Refund
f27bbb66-7102-44b2-99ae-c7b3ebbaad7d,11379,169,42,2023-10-17,08:30:22,3,3708.6,American Express,Purchase
5ecae7f9-c508-48da-98cf-1bc4d2620104,2468,102,64,2024-10-06,01:01:45,6,5344.14,Mastercard,Purchase
126774e1-ceb1-4989-82f7-fa47af683c6b,42466,102,33,2024-06-03,09:28:47,1,890.69,American Express,Purchase
647f08f1-19ef-48bb-865a-f048f8059790,11854,144,13,2024-08-26,20:23:11,7,2431.8,Mastercard,Purchase
97908aa2-98ff-4c9e-9c21-06f414e294aa,11198,143,61,2024-01-14,08:58:28,3,2931.3,Discover,Purchase
65c9b68d-3a9f-4871-aca7-7a9cfa180bdc,49499,169,13,2024-09-28,01:44:37,3,3708.6,Discover,Purchase
69dc9af8-3b0c-4380-b6ff-8135e61a9105,17270,189,65,2024-05-05,08:15:23,7,4722.41,Visa,Purchase
589b7d3b-3e63-4841-a511-8b5d538d962a,35490,154,64,2024-07-01,04:55:57,8,4092.8,Discover,Purchase
cd763cda-8892-4b3e-bc36-9bf67ce1e623,32069,160,35,2024-08-12,07:59:31,3,1999.86,Mastercard,Purchase
40717ac8-a8b1-4f13-afa7-cb7206e02812,43011,159,40,2024-05-27,00:02:19,7,7208.67,Discover,Purchase
1ab77318-7744-44dc-a5cf-b842d1665f3e,41338,189,24,2024-06-09,08:08:38,5,3373.15,Mastercard,Purchase
2ec73327-4389-4985-abeb-b9c440ac935d,26372,143,24,2024-02-11,13:10:36,4,3908.4,Mastercard,Purchase
a73ea5c5-d985-499b-808c-9312f2e470bc,47611,173,40,2024-08-25,14:24:11,7,9667.07,Visa,Purchase
49833521-707d-4269-b4b5-f82bcda46ce0,33115,143,64,2024-07-17,10:19:13,6,5862.6,American Express,Refund
620d6d28-a04b-4826-bbb6-2925723eeed3,45905,199,42,2024-08-30,19:09:15,5,3355.25,American Express,Purchase
7c837d60-6a0a-4962-a15e-484ce3ba4e9b,17815,173,3,2024-08-30,03:22:24,6,8286.06,Visa,Refund
5c775e39-9e0c-426f-92a8-ea113aa62e33,32584,189,35,2024-06-01,22:04:18,8,5397.04,Mastercard,Refund
910f5d04-63d9-4df0-ac1d-2ee1b135a4dd,21077,160,33,2024-06-02,20:39:42,3,1999.86,Visa,Purchase
104865c1-f99f-46af-a318-2c89a4bbdbf3,36939,173,16,2024-03-24,18:02:49,4,5524.04,American Express,Purchase
2413bc07-5a8d-4be0-a9cc-ab335b8e5b5b,43343,173,55,2024-06-13,05:03:24,9,12429.09,Discover,Purchase
9dd3afde-1713-4744-a035-e2262a90c1ce,42279,144,55,2024-08-27,03:32:47,8,2779.2,Visa,Purchase
cfd77723-622c-4c43-853c-314d00a575d6,31449,143,42,2024-09-19,00:44:26,7,6839.7,American Express,Purchase
9b73d651-db23-4fb1-a9a0-c3dc09013572,36939,149,64,2024-07-03,06:14:05,8,10703.6,American Express,Purchase
8e0c10cf-d186-49d9-8d21-f5112b3b29b6,43746,189,65,2024-07-06,15:40:36,8,5397.04,American Express,Purchase
43a2fa8d-a410-42a8-b7cd-075c55b1e9c4,26677,144,16,2024-04-04,13:51:20,5,1737,Mastercard,Refund
f2846679-d3f3-4999-8bdd-f30fc72bfd07,18494,119,56,2024-06-29,10:37:35,5,4290.75,Discover,Refund
f47e78b0-74b9-4831-933d-2a4f3527b8b5,19621,169,61,2023-12-30,06:41:04,7,8653.4,Visa,Refund
04a34fcd-42a3-49c6-81b6-7f1111fa50fa,44651,169,13,2024-08-19,07:15:48,10,12362,Visa,Purchase
c5095d3c-ef73-4b53-9f0b-1eb12b39c2b3,38720,143,56,2024-07-12,20:57:11,10,9771,American Express,Purchase
2c4fa67d-213f-469a-9050-7a6e793e9186,29662,119,24,2023-10-31,15:27:56,3,2574.45,American Express,Purchase
fd1a309f-345d-4703-8755-ee882118d67c,34191,160,55,2024-05-19,04:06:24,2,1333.24,Mastercard,Purchase
cd15505b-1a4a-44be-9b65-454183226e5a,2964,149,34,2024-06-07,15:59:13,10,13379.5,Visa,Purchase
06588b2c-4d91-4478-a556-a70733d9a2e9,19690,169,16,2024-04-06,14:05:49,8,9889.6,Visa,Purchase
8afc62b4-93d1-419f-8822-b45597e44149,11258,102,33,2024-08-22,00:03:48,8,7125.52,Mastercard,Refund
50f03642-e3e1-48fa-9033-f88a16caf940,3079,189,34,2023-12-30,15:16:54,5,3373.15,Mastercard,Purchase
9c0210bf-75c2-45b4-8ee5-efd6eae9b8ff,35088,160,64,2024-03-26,08:41:01,1,666.62,Visa,Refund
64ec1baf-addb-4605-abde-cd6d53907676,18279,119,42,2024-08-13,01:24:22,8,6865.2,American Express,Purchase
6c6c8b53-536c-411d-8c86-10ea06b29c8b,49447,154,35,2024-01-19,13:28:24,4,2046.4,Discover,Purchase
dccd28bd-9c89-4098-ac04-3177a6008317,19052,199,3,2024-07-09,05:25:34,10,6710.5,Discover,Purchase
c6c17919-29b7-4930-bb98-b6121f91db04,13689,144,24,2023-11-27,06:33:33,9,3126.6,Discover,Purchase
118d345e-c31f-41ba-99b7-1dbff5844c48,16944,169,56,2024-09-06,00:28:21,1,1236.2,Mastercard,Purchase
0d2f2629-f444-4867-80ea-198deebb7ff0,44830,189,56,2024-08-24,17:01:38,2,1349.26,Mastercard,Purchase
8fb5f72b-5f3d-44e2-99f5-66bc842113d5,42168,169,24,2024-05-27,21:39:53,4,4944.8,Mastercard,Refund
0f4dd0bc-3295-4cf3-b8f9-8d649b0d0cc8,29242,102,42,2024-03-05,03:43:33,1,890.69,Discover,Refund
3447d41c-c88c-449a-bd37-8456491e082e,1671,149,35,2024-02-18,01:55:45,4,5351.8,Discover,Refund
78983a4b-41d4-450c-9ae4-bd6afd117836,22415,143,13,2024-07-21,03:19:22,4,3908.4,Discover,Purchase
ad0a1efa-5734-4005-8b7f-ae006feba421,22280,199,33,2024-02-04,07:27:14,3,2013.15,Discover,Purchase
436da61b-c191-4f9d-bf83-91c226f0fbff,16101,102,61,2024-08-15,21:08:25,2,1781.38,Mastercard,Purchase
61b8629a-fc32-4f1d-a68a-72e3b4c51bb9,31030,149,24,2023-10-29,00:47:31,1,1337.95,American Express,Purchase
b84ab221-629b-4fdf-8726-22103eaf6de8,24183,173,42,2023-12-23,09:03:05,4,5524.04,Discover,Purchase
df137c4c-7323-4b4e-9bbc-17f0974bbd3b,31697,149,56,2023-11-19,22:45:57,3,4013.85,American Express,Purchase
76ce9284-86dd-4979-a61a-b61eb6514a5a,34268,159,61,2023-10-22,09:53:25,3,3089.43,Visa,Purchase
e2c9b0e8-a489-44b3-9526-42279d620262,33385,169,3,2024-07-01,13:59:42,8,9889.6,Visa,Refund
545285bf-2b59-4733-8ae4-cc3ff8cc5ae5,4464,173,35,2024-02-18,15:13:59,8,11048.08,American Express,Purchase
9cd1b057-82ec-4a9a-820d-1d5574fd03e4,24383,160,16,2023-12-23,21:58:38,4,2666.48,American Express,Purchase
e8d14cf1-1b5b-4dd4-9949-27af9180e8ea,7740,169,35,2024-03-17,18:04:23,10,12362,Discover,Purchase
e2e44588-2f8a-4849-8f8d-3ee95a3d396b,28523,173,56,2023-12-22,14:13:05,2,2762.02,Visa,Purchase
04940fe9-a4bb-4ce5-b8d1-341b48593034,33826,149,33,2023-11-25,03:11:34,6,8027.7,American Express,Refund
d796f631-a646-4f80-8c97-3db5f2a42394,46272,169,61,2024-03-29,11:53:51,3,3708.6,American Express,Purchase
98f4d5dd-3373-4e5b-b5fe-313e0f010341,20218,189,35,2023-11-12,21:39:00,2,1349.26,Discover,Purchase
d4437ea7-c135-4336-9331-df1c86d0f04d,49124,199,13,2023-10-28,13:59:41,5,3355.25,Discover,Purchase
116c75fb-ae53-436a-b521-84f098551669,15528,149,16,2024-03-21,19:07:10,1,1337.95,Discover,Refund
de408f55-b2b2-4e1b-b7a5-d00bf7770f6b,43916,149,13,2024-07-31,20:01:34,9,12041.55,Mastercard,Purchase
3f52b331-20f1-4274-982e-1d7e6e916f8d,46368,159,42,2024-08-09,01:56:26,5,5149.05,Discover,Purchase
c1266498-1ac3-48b8-b1c3-d8831127dba8,22714,169,13,2024-01-13,16:32:57,1,1236.2,Visa,Purchase
69168014-bbf3-4563-bac4-fd21d8bd56b1,36803,189,35,2024-08-21,12:21:59,9,6071.67,American Express,Purchase
91447beb-84ad-4bec-b829-3069d0d4a5c1,2283,143,56,2024-08-31,18:13:22,4,3908.4,Visa,Purchase
0c9941b3-0923-41a8-a1c7-b365dca5e7a7,43055,149,13,2024-05-19,21:45:17,5,6689.75,American Express,Purchase
c9d1e5a8-8780-498f-8ec1-2213d9c5a1c8,32921,189,35,2024-04-13,12:02:21,5,3373.15,Discover,Refund
2457d14e-da3a-41c0-a56a-5afb34d0e5d0,5798,119,24,2024-07-11,06:07:08,9,7723.35,Visa,Purchase
53c5c2f3-8812-487b-aa6e-eb93d4a81bb1,42635,102,56,2023-12-08,09:00:55,3,2672.07,Visa,Purchase
72fb5a98-7ef9-4abc-bd20-cd4cae1589b4,49528,143,3,2023-12-21,13:20:58,5,4885.5,Discover,Purchase
b2acb2c1-d950-44a9-88f0-a481ce234ce0,1894,144,42,2024-03-10,11:08:12,5,1737,Discover,Purchase
e7b317cf-da06-49ee-8502-4a0e845a3cbd,29923,149,40,2024-03-28,16:29:18,3,4013.85,Visa,Refund
a61d9f11-e5ee-4e12-8712-68ecac7c4a16,29242,159,64,2023-12-16,08:46:03,1,1029.81,Discover,Purchase
e53337cf-5a3d-4f1e-b2eb-29acce7d4e6d,17297,169,3,2024-09-04,17:46:48,5,6181,Mastercard,Refund
80296a3b-bcd2-4387-bf64-1482ea2645a5,23677,143,61,2024-07-11,10:31:58,6,5862.6,Mastercard,Purchase
3292b3d9-ee4f-4dd5-b558-ef3f41d090e6,2157,159,35,2024-01-05,16:06:07,9,9268.29,American Express,Purchase
8a9fadb1-2941-4dfa-b9d4-512f72b8aceb,21824,119,3,2023-10-23,04:24:13,6,5148.9,Discover,Purchase
51174faf-89af-4c2a-aa9b-196b266fcdbe,24248,169,13,2024-09-29,05:20:44,8,9889.6,Mastercard,Purchase
94547211-8e8f-42c7-912c-978b4f3bd17f,45207,189,24,2024-08-04,04:07:24,9,6071.67,American Express,Purchase
734fe2a9-30cc-447b-9777-a21bc4986f6b,12166,143,24,2024-09-16,18:12:43,5,4885.5,Discover,Purchase
ac5ae0d8-9efe-4adf-bed1-8e1711bbc626,34082,102,61,2024-05-25,15:58:48,8,7125.52,Discover,Purchase
dd135995-9244-4e29-937b-c8c92450a07a,14700,199,13,2024-09-06,06:19:56,10,6710.5,Discover,Purchase
3e8eb5f5-404c-48aa-bf13-4d84f200b684,41133,159,40,2024-02-02,17:07:42,2,2059.62,Visa,Purchase
a864d332-93c0-45dc-ac34-7e981c7e6375,47362,149,35,2024-06-01,02:57:02,7,9365.65,Visa,Purchase
e6b7d136-7c22-4980-9f14-a9e430374cdd,6771,149,35,2024-05-30,14:33:56,4,5351.8,Discover,Purchase
c9fd7325-85eb-4205-91b2-0f01384e09e8,5798,189,33,2024-07-13,18:32:03,10,6746.3,Mastercard,Purchase
5996f6c2-6920-442d-945e-62012fc793ed,7641,160,61,2024-08-30,17:52:12,1,666.62,Visa,Purchase
43b40d94-fe83-48ba-b05c-778de8e48485,26784,169,13,2024-09-17,04:28:33,8,9889.6,Discover,Purchase
518bc5f0-5026-440e-8759-91dec9b5a068,39255,143,35,2023-10-12,08:35:01,1,977.1,Mastercard,Refund
1e09d9b5-ab78-44a7-935c-48a674774a1e,48878,143,35,2024-10-07,12:33:51,1,977.1,Visa,Purchase
97775de4-4d6c-4dd9-9e9c-a8b36218acd5,47690,143,13,2024-01-19,10:03:41,9,8793.9,Discover,Purchase
00ba5589-0e76-4199-a9e6-3c9288099959,16331,169,34,2023-12-10,19:57:02,10,12362,Visa,Purchase
fa73370d-b030-4fbb-b65f-a74432b87223,26881,189,24,2024-01-26,04:33:58,2,1349.26,Mastercard,Purchase
54dc1a7a-7071-4eec-8e39-c7560b3cd47e,44083,199,55,2024-05-07,06:27:23,9,6039.45,American Express,Purchase
b1687c95-3ff9-4cf4-ae2e-f22f9424de65,1321,189,33,2024-04-30,21:16:29,6,4047.78,American Express,Refund
507d1c2b-7ca0-4afb-8a04-f9ab96038f55,4542,149,61,2023-10-16,08:59:45,6,8027.7,Visa,Purchase
e5a77e7d-71c0-41d8-bed4-64c64eed48f8,26337,199,61,2024-01-06,17:18:59,6,4026.3,Mastercard,Purchase
bbfe381c-47f8-4bc9-8bf0-2fa88892d5f6,6536,102,35,2024-06-29,11:57:49,5,4453.45,Visa,Purchase
d70cadd9-5573-4724-bccb-905f3a4f306e,48319,189,55,2024-06-04,14:38:42,1,674.63,Visa,Purchase
61295b67-b1d3-4d39-9889-c479e908350c,18373,189,42,2024-02-08,03:57:12,9,6071.67,Discover,Purchase
f511dbd9-119a-48d7-8ac5-96dc3797b593,26522,199,56,2024-01-29,08:13:41,7,4697.35,Visa,Purchase
e8b3524e-123d-4657-ad4f-8d775dd06d52,43112,159,64,2024-07-15,16:11:26,6,6178.86,Discover,Purchase
7b219bd6-9964-4795-bfcc-2cb37b60bb01,2908,119,56,2024-03-19,07:49:43,8,6865.2,Visa,Purchase
aad30f46-e267-4312-af24-a3e83d1e1ea7,2910,143,42,2023-11-21,23:42:03,3,2931.3,Visa,Refund
6d039734-3832-4b95-90fd-a35ada5130dc,29652,119,61,2024-06-05,23:20:28,8,6865.2,Visa,Purchase
c404ed17-fec5-4ceb-ae80-5343f2272dbc,45698,199,3,2024-10-05,19:12:03,2,1342.1,Mastercard,Purchase
1cdf1c5d-3bf8-435d-95a0-2c9a04c05308,21813,199,42,2024-01-10,02:43:26,8,5368.4,American Express,Refund
ad97486b-9f5d-4695-a253-d0fbabfc86fd,10586,173,35,2023-10-19,19:31:22,2,2762.02,Mastercard,Purchase
76388af6-8c6f-4ce7-b0af-6f82c642c362,2468,159,56,2024-06-08,03:15:49,4,4119.24,Discover,Purchase
865410d9-e811-4861-b1fe-6768ff52bacf,26020,154,34,2024-03-23,01:34:18,9,4604.4,Visa,Purchase
8aad6563-e4ef-4f52-b7c4-ea735d34bed3,12806,154,56,2024-01-28,13:34:02,1,511.6,Discover,Purchase
17a60317-3721-4785-ba86-e04dbca84056,42002,143,65,2024-06-20,14:15:37,2,1954.2,Visa,Purchase
307915f9-79e6-4227-b086-c557e601cc10,14716,160,64,2024-03-25,02:52:21,1,666.62,American Express,Purchase
e6948529-bebd-4d89-adb3-fa18cabadac2,40777,144,61,2024-04-05,19:05:01,9,3126.6,Discover,Purchase
6c03676f-5dd3-4b1c-8bdc-87b87b64453f,36521,189,64,2024-06-17,08:05:47,2,1349.26,American Express,Purchase
5ac4e0cb-7414-45df-ab68-f8f93e41cab5,48846,102,42,2024-09-12,13:15:58,8,7125.52,American Express,Purchase
0edf9b70-0a65-4ecc-ab91-f767f5ba258e,2036,169,65,2024-01-28,09:14:43,6,7417.2,American Express,Purchase
a34476d9-8c43-407d-91b1-b29f67232a8c,39643,173,64,2024-01-12,18:03:24,9,12429.09,Visa,Purchase
7d23d26d-4b93-41ec-9d5e-25e9c911628a,31119,169,3,2024-07-26,10:25:11,2,2472.4,Discover,Purchase
51dd1082-b1e9-4de7-b1ec-3f147b5c9b6d,23659,154,42,2024-06-07,12:41:08,7,3581.2,Mastercard,Refund
08eab918-e4f8-46c9-b5c4-7c987b10bcf9,22417,154,16,2024-06-04,02:13:55,8,4092.8,Mastercard,Purchase
95942dd1-6892-4f65-a437-e909c569acb4,20124,149,16,2024-06-19,12:19:47,5,6689.75,Discover,Purchase
f71ffe97-5c80-4ae7-bdc3-09b737a47cca,4542,169,65,2023-11-24,13:42:24,3,3708.6,Mastercard,Purchase
2c7d254b-6ae9-4452-927d-d0f07d44a318,8539,169,40,2024-02-26,19:20:04,7,8653.4,Discover,Purchase
12c76413-6676-4154-af87-aacabeb1c1ec,35052,160,64,2023-10-13,01:30:07,9,5999.58,Mastercard,Refund
ab6fa3f3-ffba-43a0-9ab1-4333878c2529,15980,143,61,2024-06-11,16:06:14,2,1954.2,Visa,Purchase
09c5ad9d-d20f-4e02-a3e8-c25a3047f511,7573,189,24,2024-03-21,11:53:34,1,674.63,Visa,Purchase
45c2cf35-aaac-4e83-a465-f21107d344d0,9901,149,40,2023-10-23,01:23:51,10,13379.5,Mastercard,Refund
8d91bf1d-779f-49aa-81d2-fde5e6e11326,1912,199,33,2023-12-04,22:19:10,7,4697.35,Discover,Purchase
5bd19b02-f648-46bc-ab41-4f6e10ac7023,38560,102,40,2024-08-07,10:09:37,9,8016.21,Visa,Refund
ec5049cb-48da-4dea-96f3-5cf3852556d3,22570,199,3,2023-11-10,02:44:45,7,4697.35,Mastercard,Purchase
5dd7947e-c6ae-4445-adc5-df003872e18b,9884,160,65,2024-04-04,08:06:40,8,5332.96,Discover,Purchase
95ac6d51-941e-48d8-b54b-d410a4fd15a9,27284,189,16,2023-11-30,22:52:16,2,1349.26,Discover,Purchase
c83d7db2-ec08-437b-be2a-de9d3aa6d206,31765,160,65,2024-01-21,08:09:53,1,666.62,Discover,Purchase
c2f65127-bd50-466e-97e8-d3f04e093f65,28881,169,24,2024-04-02,18:31:57,9,11125.8,American Express,Purchase
d69f1ec2-2dc0-4169-ba7c-c32d84fc918a,21840,149,35,2023-12-21,05:59:32,3,4013.85,American Express,Purchase
d14f6f9b-9424-41b5-b443-f0f363139ded,12972,119,35,2023-10-19,18:46:15,5,4290.75,American Express,Purchase
b58caa55-847e-499f-a51a-2098db466412,46672,154,40,2024-05-28,10:15:09,9,4604.4,American Express,Purchase
7906c71e-a1aa-49bb-b088-ed05033fc86c,18376,144,56,2023-11-07,21:36:19,10,3474,Discover,Refund
492429ba-677c-4b61-a5a7-1b125bfac93d,38666,143,34,2024-01-24,20:46:53,3,2931.3,American Express,Purchase
a056bde0-91fc-4a85-b691-7ecde52c0200,22918,189,16,2024-08-31,11:38:54,4,2698.52,American Express,Purchase
fb7048ce-7efa-4450-9749-c4e63bc3a4e6,16791,189,33,2024-07-29,11:53:28,4,2698.52,Discover,Purchase
b1cd278e-7433-4074-9eb5-6bc36c96b2f9,31391,149,65,2024-05-02,23:16:40,3,4013.85,Mastercard,Purchase
86380ddc-65d2-4c8b-9388-b40624353194,36123,159,64,2024-05-31,22:55:28,10,10298.1,Discover,Purchase
f785cae2-5049-4d9a-a361-65087afc5d6c,13902,143,61,2024-02-28,12:45:37,2,1954.2,Mastercard,Purchase
454a0bb1-4924-427d-ad5b-12ca44b73ad2,32503,144,3,2024-02-14,21:18:46,8,2779.2,Mastercard,Purchase
d957e8ab-f8c7-472d-8ff6-fea0698ebb38,48428,199,34,2024-06-07,11:31:27,3,2013.15,Mastercard,Purchase
689beeb2-4964-4120-bee4-18790eccda70,16582,173,61,2024-07-09,23:58:23,4,5524.04,Discover,Purchase
aaa36f1f-6b3c-4c7d-99fd-3da46d922309,49482,199,35,2024-07-17,11:44:47,5,3355.25,Visa,Refund
faf30f08-7786-4961-9842-3d9a6f856b0b,21753,149,16,2023-12-13,14:56:08,1,1337.95,Mastercard,Purchase
06cf26d7-775e-4cc8-9f6a-9c1808954494,18807,149,40,2023-11-24,17:39:51,4,5351.8,American Express,Purchase
558f7aa7-c715-4aa4-8d69-0cc922e66ffe,44684,119,40,2024-10-03,12:06:45,1,858.15,Visa,Refund
f2f6ebde-c686-4241-8831-4954cfd0601a,18879,169,61,2024-09-04,01:38:19,8,9889.6,Discover,Purchase
1590d97f-b27e-412c-b047-27028b479541,37652,173,65,2024-01-16,21:50:13,7,9667.07,Mastercard,Purchase
487fdcaf-63e2-404b-a4b5-ad308c70e05e,5545,149,42,2023-12-19,08:51:51,6,8027.7,Discover,Purchase
c4bda724-8711-44ce-b2ea-ecdb7d85787f,38215,119,3,2024-08-21,10:35:03,2,1716.3,Discover,Purchase
4f9d9569-0818-4917-b727-de57b4149ee1,27333,149,24,2023-10-20,17:39:16,9,12041.55,Mastercard,Refund
7ec6e320-9e12-47b5-ba97-cd43a2734579,14346,119,61,2024-03-28,03:34:18,2,1716.3,American Express,Refund
8d2667d7-a386-452b-bad1-67e3d8e8df23,15528,143,61,2024-01-20,07:53:29,5,4885.5,Discover,Purchase
28da40c0-6da5-4abd-938b-7923cd145fd8,25560,143,33,2024-07-17,15:34:20,10,9771,Visa,Purchase
4e96010d-e0e2-4429-8d05-981dc2185134,42161,169,3,2024-04-13,02:51:40,9,11125.8,Mastercard,Purchase
98991369-ec16-4421-b8af-dbb8b903eaa2,7049,154,40,2024-05-12,03:07:02,3,1534.8,Visa,Purchase
9bbd68eb-e612-4ab3-8164-ff8ecae04240,31909,154,61,2024-08-20,01:47:45,9,4604.4,Mastercard,Purchase
6d63f53a-67f9-4c28-b0c8-804003f001d4,26426,169,65,2024-09-13,04:04:38,7,8653.4,American Express,Purchase
9d0195a2-69f8-4c06-a024-644a9b8b7e27,39159,119,40,2024-08-09,08:16:03,8,6865.2,Discover,Purchase
065533a2-c4bc-4da7-895f-03eeb8c203b5,11081,159,64,2023-12-03,23:38:24,8,8238.48,Discover,Refund
39345b78-f5f1-4437-9cbc-0e8517ecff60,25510,199,35,2024-09-29,18:33:14,3,2013.15,Mastercard,Purchase
ad5ca8a0-4421-4352-83f9-b16b49041cfc,14935,173,65,2024-03-16,09:56:19,8,11048.08,Discover,Purchase
44250a38-939f-4796-b7b8-675ae96971b7,6223,160,33,2024-05-11,15:06:33,3,1999.86,Visa,Purchase
84629f13-cee4-45c2-81a6-44573466ee12,10651,143,34,2024-02-15,14:25:24,1,977.1,Mastercard,Purchase
37999b47-a007-4ec5-af82-a5251eb5125d,43438,144,56,2024-03-18,03:49:05,5,1737,Discover,Refund
acee7a33-482b-45fe-a6d8-aee1741feb83,20889,159,40,2023-10-29,11:29:22,5,5149.05,Visa,Purchase
088b2c9c-e53f-48e6-b494-9ea61e1ce126,48204,154,3,2024-07-22,14:46:02,7,3581.2,American Express,Purchase
66e15fb9-8300-4989-807a-cf5d965ceffb,5544,102,33,2023-10-08,23:12:31,4,3562.76,American Express,Purchase
a9ea3ada-8a41-4e22-832d-170d2616acac,39375,199,34,2024-02-23,03:49:41,2,1342.1,Visa,Purchase
27a6f488-805a-441f-b9e8-d06ae4fdd5a8,45677,119,16,2024-08-09,06:40:42,4,3432.6,American Express,Refund
24bac44f-9524-448b-8051-8306987407b7,44499,144,35,2023-10-23,20:31:49,2,694.8,Mastercard,Refund
9de2ac9c-b78a-4fb7-bf8e-091293f6be2d,6950,102,33,2024-05-01,10:32:52,2,1781.38,Visa,Purchase
ef543e97-ff5e-4116-a17b-3a539f648973,33019,169,33,2023-11-11,14:21:52,3,3708.6,Discover,Purchase
3c29d3a9-95da-4835-b622-9b6e49097f51,36898,159,56,2023-11-06,21:59:35,6,6178.86,Mastercard,Purchase
dd1bb810-0bae-4bf4-863a-e57555e37313,41561,119,42,2024-01-17,13:32:26,9,7723.35,American Express,Refund
0b9a47ff-94d8-466c-b0a0-60be0924ce76,45117,160,42,2024-04-08,02:05:23,8,5332.96,American Express,Purchase
f8c6114a-2ea5-4c55-a4b5-77b75da12988,4371,189,56,2024-01-20,15:17:35,6,4047.78,Mastercard,Purchase
90bee867-ed92-4adf-94cb-55ccca07ee38,1601,154,33,2024-07-17,21:36:24,4,2046.4,Discover,Purchase
c44a8c2f-db82-42d4-8091-945338d0fa99,32921,159,55,2023-12-07,09:38:49,4,4119.24,Visa,Purchase
04b3030f-7863-484c-8d1b-44f866fc57d4,5030,154,40,2024-04-04,23:32:50,6,3069.6,Mastercard,Purchase
7c593487-504f-4010-96a3-b65da2ef4952,2717,160,33,2024-06-19,08:57:12,3,1999.86,Mastercard,Refund
c93705d1-78d6-4e9e-946e-76e66830cce3,11258,149,64,2024-01-27,07:10:32,8,10703.6,Mastercard,Purchase
a9f47048-6efe-48bc-b3c5-be81b3976fef,34800,160,65,2024-01-04,04:06:46,6,3999.72,Visa,Purchase
e56b5ab6-3cdf-4fef-ab13-7c31d205c0c2,22417,189,16,2024-02-10,09:11:32,5,3373.15,American Express,Purchase
4bdb7979-9392-4a63-bacb-36e359de2996,3445,169,56,2024-04-20,21:43:52,3,3708.6,Visa,Refund
4cca9641-5be7-434b-808d-fe4fa36a39d8,46434,169,24,2023-10-16,00:42:48,8,9889.6,Discover,Purchase
1f12ee2b-50a0-45dc-ba06-bcaa480f3559,26522,199,24,2023-12-30,18:05:29,9,6039.45,American Express,Refund
eba25424-17b0-419a-9445-0dd382ba9848,49937,144,3,2024-03-14,01:22:29,9,3126.6,Mastercard,Purchase
a5a01fc7-3027-43fc-81e7-a284a84c7e41,34126,143,42,2024-03-12,03:00:20,6,5862.6,American Express,Purchase
24525cd7-5e13-4a43-b494-e86bb4382566,18731,144,40,2024-04-14,04:44:52,8,2779.2,American Express,Purchase
f6594642-0cd8-4557-8550-15729399e157,42923,189,33,2024-06-20,22:10:07,5,3373.15,American Express,Purchase
a2a3481e-1a48-42b1-8b40-52de1e371362,18882,199,40,2024-02-27,10:07:28,2,1342.1,Mastercard,Purchase
61519c8b-5ef5-41b2-8193-3eb83bd936df,13847,173,34,2024-03-02,04:03:29,3,4143.03,Discover,Purchase
0c84d429-4f06-4d00-865c-9dfc4be5e1ff,42157,189,40,2024-03-16,11:10:18,5,3373.15,Visa,Refund
35f432d9-e2b7-45f1-b562-05801b4d89ba,23428,189,13,2024-07-09,05:28:32,9,6071.67,American Express,Purchase
5a85abea-048f-4177-89f3-3d8694c73fca,41901,102,61,2023-10-13,14:52:40,8,7125.52,American Express,Purchase
2d17b750-3d91-42ec-b8ec-5d2caa1e973a,38123,154,16,2024-06-05,12:14:07,9,4604.4,Visa,Purchase
4127b70c-5093-4f47-abed-cbcdbcd2af7b,14288,160,64,2024-01-11,11:38:30,10,6666.2,American Express,Purchase
3d7b5421-050c-44b7-bf10-9dfb58557a69,33006,160,16,2024-07-06,09:59:51,6,3999.72,Visa,Purchase
15f3bde0-3513-4bd4-b549-16a5370ff7ef,2195,173,42,2024-02-10,23:57:13,10,13810.1,Discover,Purchase
c9e0bd88-c1c6-4d82-8feb-735806564ab5,47145,160,61,2024-01-07,08:27:27,6,3999.72,Mastercard,Purchase
a6786100-f816-40c7-a0ed-30b125427a5f,18376,154,3,2024-07-23,13:26:30,8,4092.8,American Express,Purchase
188c2178-4549-477b-b224-83fc60d95e52,23585,143,3,2024-07-10,07:25:39,4,3908.4,Visa,Purchase
e17c3f52-2d2b-4856-a1c0-4d2f148c6d4a,24187,189,40,2024-09-10,00:07:11,4,2698.52,Mastercard,Refund
a249e5f2-6f2b-4ffd-9f7e-a9058567dd20,16754,169,65,2024-08-17,02:36:25,5,6181,Discover,Purchase
36ca6901-af57-4f75-8d19-8a0c4413bde5,26539,102,13,2024-04-18,19:30:56,10,8906.9,Discover,Purchase
1785f10c-7e9f-4bb8-951e-de14bd53d0b3,34918,189,42,2024-05-15,09:54:03,4,2698.52,Visa,Purchase
8740797d-cd42-45d5-9b9c-dc91a71f40b3,8092,149,16,2024-08-04,22:20:15,9,12041.55,Mastercard,Refund
f33c55e5-62c7-4836-a058-410392a84cc8,13176,173,34,2024-02-04,08:33:42,2,2762.02,American Express,Refund
e857e35d-fd3a-4c49-a7d6-844a30d2876c,22859,199,55,2024-02-14,22:17:02,4,2684.2,American Express,Purchase
2ef6a1bf-5292-4e9b-b58a-5ccc4a1b05df,3652,169,3,2024-02-03,23:46:52,5,6181,American Express,Purchase
53fce83c-bd05-43e5-b757-4064d67cc61c,4591,173,65,2024-05-27,12:25:54,2,2762.02,Discover,Refund
8fcc1acc-788c-4268-9f17-70d7bcdddfd8,19229,160,40,2024-01-17,08:01:38,10,6666.2,Mastercard,Purchase
d98d7f09-59dc-4e26-8c2a-7cf3a5ebdec3,41836,149,13,2023-12-12,16:55:28,10,13379.5,Discover,Purchase
b4484780-a218-4bf3-a3fc-fddea1d7509f,45698,169,3,2024-06-16,06:26:46,9,11125.8,Mastercard,Refund
62e5e41a-d7a4-469e-9fce-a2ddc203e8e4,26522,169,65,2024-01-10,13:23:31,9,11125.8,Discover,Purchase
843d0eda-388e-4c48-b967-3fd0d190afd7,46875,149,61,2024-10-06,21:02:30,2,2675.9,Discover,Purchase
bc5a8586-c25d-4d05-b4b5-f283a1d2b9ec,36716,144,65,2024-01-11,13:28:40,6,2084.4,Visa,Purchase
c82b69d9-3763-4ba8-b068-30895b3c5c63,31678,160,40,2023-11-26,10:22:23,4,2666.48,Visa,Purchase
156aa786-c805-4310-8752-e18863c2b825,15081,160,16,2023-11-30,06:52:58,6,3999.72,Discover,Refund
eeb6e4e7-a4f3-47bc-9331-83f0701b124f,24825,189,56,2023-10-17,21:34:19,6,4047.78,Mastercard,Purchase
b83b35f6-106c-4032-8685-e9e1d62a2db5,26601,144,56,2024-02-25,18:26:30,1,347.4,Visa,Purchase
3868a6cb-9e92-4cac-a569-c85a7dbd3c61,38307,143,56,2024-10-05,10:31:39,9,8793.9,American Express,Purchase
9242e5b7-1565-4f07-be5d-284d23d9c2b6,39580,189,40,2023-12-25,10:03:51,1,674.63,American Express,Purchase
80e10b3c-2403-491d-995d-a5b375fec073,30006,159,42,2023-11-26,04:57:25,8,8238.48,Visa,Purchase
b3503adc-1964-4e1f-96e4-29e6fc1100c3,43521,144,64,2023-11-14,15:33:50,8,2779.2,American Express,Purchase
ce9dc660-e8b8-4335-b7e1-3bb82e9b7345,34447,144,13,2024-02-29,04:30:03,7,2431.8,American Express,Purchase
868b2a4d-89a3-4290-8a2f-4810732832b8,1928,102,61,2024-01-19,07:51:28,1,890.69,Discover,Purchase
9b0c1e18-5837-4f9b-bde5-4ef11ab439e8,38971,144,42,2023-12-18,10:34:22,1,347.4,Mastercard,Purchase
08d79e5a-2b96-4e6a-90f2-58a9817ed0c5,38123,160,61,2024-05-26,04:17:15,6,3999.72,Visa,Purchase
9606a744-3e50-4bf4-8afb-82432c0cf118,38402,169,56,2024-09-06,13:51:35,6,7417.2,Visa,Purchase
50eb7dd5-51df-466f-be50-46fb3b409c85,15491,143,24,2024-07-24,23:53:10,1,977.1,Discover,Purchase
d6d527d4-abab-4542-80db-c35e3559db02,5004,143,64,2024-07-05,06:33:11,4,3908.4,American Express,Purchase
dc23787c-7c93-4d11-a503-76fcb351a087,33144,159,13,2024-01-14,17:18:55,2,2059.62,Mastercard,Purchase
30c83a6b-abe8-4474-9d9d-7d84853b7ffa,43526,119,35,2024-09-18,07:42:49,1,858.15,Discover,Refund
287d171a-6e28-4738-bc51-5b9b99ecb8f9,39910,102,34,2024-05-05,23:41:40,2,1781.38,Mastercard,Purchase
ea00d949-f50d-4ee9-a253-97f746667074,36206,149,55,2023-10-30,20:10:41,8,10703.6,Discover,Purchase
17e14b20-2276-4c7f-af16-342a94b7d6a1,18063,149,3,2024-07-12,00:18:25,9,12041.55,Discover,Purchase
6f9654bc-6375-4cf7-9f7d-b98a23a57bce,43770,199,64,2023-11-12,03:01:42,7,4697.35,Visa,Purchase
4c199e31-e95f-4884-858e-6bb214da2d26,11396,199,65,2024-03-20,21:34:51,8,5368.4,Discover,Purchase
eccb7df3-4048-4da1-b428-ec653e7eee03,10575,199,65,2023-11-09,20:43:37,4,2684.2,Discover,Purchase
77f59a4b-a8bf-4d90-bb5a-f559e17799f6,6011,154,34,2024-04-27,05:11:03,4,2046.4,Mastercard,Purchase
8ead96ae-49b8-47fd-bf92-af9a38990559,43834,199,42,2024-06-01,07:39:58,5,3355.25,Discover,Purchase
110f515b-87bf-49ed-bfb1-3b5d0b82a5a8,36923,143,56,2023-12-18,11:06:29,6,5862.6,Discover,Purchase
5b03b2fb-8f3f-4f4c-9c57-e3672dbd7576,25551,154,64,2023-12-27,04:30:44,2,1023.2,Visa,Purchase
40c5086b-b709-4104-844d-42f86633a92d,38720,144,16,2024-07-12,04:13:05,3,1042.2,Mastercard,Purchase
c7a4e816-78b0-4d06-b835-180bd33ed986,4952,143,56,2023-10-08,20:27:36,6,5862.6,Discover,Purchase
333f595f-efc1-4f35-918a-c58349153f24,26712,199,56,2024-08-10,08:01:37,10,6710.5,Visa,Purchase
8b9b7071-3a55-4030-9d9c-1d7a651a2c1f,5798,159,3,2023-10-17,20:09:25,8,8238.48,Visa,Purchase
e5a29918-f476-4f54-96ac-3f32e69dd792,1115,149,13,2024-07-23,08:25:20,7,9365.65,Discover,Purchase
a6e3c837-5ef3-4364-aa3b-270175d4645c,41878,189,65,2024-02-09,10:56:31,2,1349.26,Mastercard,Purchase
1e7c6e67-9316-4d3f-9c54-684d7c66a717,36567,154,34,2024-01-20,13:40:58,9,4604.4,Visa,Purchase
92fd3a6a-2088-4e58-a58e-366ffcbc0341,32503,119,13,2024-02-05,19:01:52,7,6007.05,Visa,Purchase
864ca90f-0a20-4b71-80f7-475461dc9e3d,46921,144,35,2024-09-27,16:39:13,7,2431.8,Discover,Purchase
2804f189-258e-44d8-aaa5-3615056aec7f,24664,102,61,2023-11-05,05:26:00,3,2672.07,Visa,Purchase
6fd04bd9-5385-4c04-8643-c04716d1c972,7498,149,13,2023-12-03,07:13:59,8,10703.6,American Express,Purchase
2457abf8-6613-43f6-8697-cbaa634b8443,35321,189,55,2024-03-13,01:09:35,8,5397.04,Discover,Refund
72cfb9ae-18a4-494d-be9b-3cdc59f80539,9429,102,65,2023-11-02,18:31:40,4,3562.76,Mastercard,Purchase
6f7c1bec-63f2-4077-82ce-dbba41e9f9ea,39949,143,65,2024-05-16,00:34:06,7,6839.7,American Express,Purchase
7b096367-700c-49f7-9c82-a2850cc04744,37568,144,24,2023-12-11,08:21:36,2,694.8,Mastercard,Purchase
cfd44aa8-b162-4d4d-9436-4d5fb2660e76,31596,199,40,2024-03-10,13:50:58,2,1342.1,Visa,Purchase
abe08fac-73d8-45df-bfd6-4ace02039704,10937,149,35,2024-09-11,04:20:45,7,9365.65,Visa,Refund
c6fc689e-ea11-49d5-8885-d0cb9231c172,25686,160,64,2023-12-22,16:49:35,8,5332.96,Visa,Purchase
12a60d94-cac0-4f45-a0f6-02f3cdc502ae,12902,160,33,2024-02-09,13:26:38,4,2666.48,American Express,Purchase
629dc8c6-bf9f-444f-8677-824224d0e5ab,29894,159,16,2024-04-19,00:00:09,6,6178.86,Discover,Purchase
6c16b697-970c-461b-b77e-65c66452bca5,18314,189,35,2024-04-03,12:56:37,9,6071.67,Discover,Purchase
8da44536-c54d-4fdf-9348-3ec2372de91d,19507,144,65,2023-10-27,23:43:58,10,3474,Visa,Purchase
77083434-4bba-442e-9032-3dc583905269,38292,189,61,2024-05-01,12:10:20,3,2023.89,American Express,Purchase
491c4c98-d8a6-425e-8cb3-dc8679243b2f,40913,102,16,2024-03-11,02:47:04,1,890.69,Visa,Purchase
f2c7d74b-92a9-4e17-b3b7-f9620a51f235,28315,160,33,2023-10-11,00:48:44,3,1999.86,Visa,Purchase
a48ad9b3-258c-4834-b945-4cba8d0e5386,35029,199,55,2024-06-03,00:18:12,5,3355.25,Visa,Purchase
94ef196e-0d39-4f7a-ae70-a123e12cdde3,9948,144,16,2024-07-21,08:47:26,6,2084.4,Mastercard,Purchase
f5121a74-8baf-43db-a6ff-92818d1e7985,12040,159,33,2024-08-20,06:44:14,8,8238.48,Discover,Purchase
15bc94b9-b682-495f-a449-ef52f767abec,3974,199,3,2024-01-23,11:04:48,7,4697.35,Visa,Purchase
bd5f5dc4-dbd9-46ea-920a-a3733389132b,41929,119,16,2024-01-15,07:57:29,4,3432.6,Visa,Purchase
b47e5704-777a-4f06-ae3e-8316ffecfd7c,26542,173,34,2023-11-20,23:37:20,1,1381.01,Discover,Purchase
8d753107-cf67-47b7-a622-cb4b811e0d32,2154,102,64,2024-06-20,03:31:33,1,890.69,Discover,Purchase
95005713-019f-4ea7-a8b5-9d7bc04eafd0,12629,144,3,2024-06-27,16:51:39,10,3474,Mastercard,Purchase
e930d98b-eb73-403d-a262-a217fecda14d,10745,149,24,2024-10-07,13:49:53,6,8027.7,Visa,Refund
971f020a-9a30-49bf-a2bd-7eae4fe4273a,8511,144,64,2024-08-17,22:41:29,4,1389.6,American Express,Purchase
3e7b57a3-4944-41bb-95ff-14625b99cbe2,25481,143,24,2023-10-19,13:12:46,5,4885.5,American Express,Purchase
bf7c5a9e-318f-4b9a-97ce-6a5c966ff250,26383,144,64,2024-04-04,18:10:17,7,2431.8,American Express,Purchase
a694ba73-dd8c-4d1c-8250-bd767634ab78,12356,154,34,2024-08-31,15:22:17,10,5116,Mastercard,Purchase
d423fd92-464a-4081-b836-44a848a55f45,7061,154,13,2024-05-16,00:27:58,5,2558,American Express,Purchase
a4c28ec9-7856-4fe1-af56-4e15f95d3be1,41157,143,40,2024-03-14,08:57:05,2,1954.2,American Express,Refund
228d3e33-e53a-406c-9233-a3e7cf2a111e,1319,144,33,2024-09-11,16:34:34,1,347.4,Mastercard,Purchase
7006898f-00d9-4d63-b72e-49fb92ad90ef,8589,119,61,2023-12-19,16:23:00,5,4290.75,Discover,Purchase
d8a36517-0b02-4b10-8e09-028ac66eb076,2964,160,3,2024-01-17,06:54:02,1,666.62,American Express,Purchase
7d4f964a-a90b-4e35-b19d-c5b68e5e2a92,10745,144,34,2024-02-15,22:21:16,1,347.4,American Express,Purchase
3a350338-40e9-42fa-a6df-08a75f3c4281,26269,159,33,2024-01-07,22:26:12,1,1029.81,Visa,Purchase
e25ef915-cf47-497d-92eb-8677da93c6cb,21098,154,40,2024-04-27,04:54:53,10,5116,Discover,Purchase
dd6ac685-c67f-45ed-9a6c-10eb83099353,36617,189,33,2024-09-16,21:55:25,6,4047.78,American Express,Purchase
ba3f828d-2e51-4111-bf41-3643b109b64a,28655,102,55,2023-11-23,15:40:15,10,8906.9,Discover,Purchase
e343557c-afa0-4cc4-8962-62614e252498,2888,149,24,2024-04-18,13:13:54,4,5351.8,American Express,Purchase
b660de51-6e66-4061-857e-0dca831b6da2,41823,144,13,2024-04-22,00:17:29,8,2779.2,Mastercard,Refund
4d3f562e-996d-4521-a002-6488f072663b,24739,102,64,2024-09-29,11:56:17,4,3562.76,Discover,Purchase
eceb3120-6c78-4029-a819-496ac471b3c1,48422,159,35,2024-04-21,09:06:18,4,4119.24,American Express,Refund
5c3d4f21-0e32-4042-86a9-07e3a525c64d,5344,154,13,2024-07-26,19:55:35,4,2046.4,Mastercard,Purchase
440b3734-c635-47a6-b041-b8eb2610023a,23321,160,55,2023-10-19,06:32:27,10,6666.2,American Express,Purchase
e19efee0-f6e7-402c-930b-8faabde2892f,46921,154,34,2024-10-07,14:44:20,10,5116,American Express,Refund
0bbe29d3-e2c0-438a-9d59-b173c5c30a15,12972,169,65,2023-11-04,23:18:43,2,2472.4,Mastercard,Purchase
d4ce7792-564e-4c3b-a271-c7562cf9a545,49499,144,16,2024-09-28,04:25:20,10,3474,American Express,Purchase
984e4be3-e998-4f8d-bc83-37cbb5a46afa,46070,173,64,2024-02-13,06:43:28,5,6905.05,Mastercard,Purchase
65061290-f3bf-413f-bfd3-17641dc5005e,22401,199,40,2024-03-27,19:51:54,2,1342.1,American Express,Purchase
add9b001-3849-4921-b3b2-723498f78fbd,12002,199,64,2024-06-30,22:52:45,10,6710.5,Visa,Purchase
8959c7d2-790a-4e8b-b9f4-d2ac4381c74e,16976,160,40,2024-03-04,21:20:52,3,1999.86,Discover,Purchase
90d33cc7-cb6c-4772-83c4-2f8fcbc84d16,30054,144,16,2024-03-10,23:07:23,7,2431.8,Discover,Refund
d03d9c7f-4d65-4e88-b80b-5289c1491d0b,24533,199,42,2024-06-21,14:46:36,6,4026.3,Mastercard,Purchase
a31b43aa-1899-4900-9541-b46b599878a7,30580,144,13,2024-02-14,01:28:48,6,2084.4,Discover,Purchase
2dcf4001-578a-400d-ae35-9f01535ea63c,2094,159,13,2024-05-10,00:20:40,7,7208.67,Mastercard,Purchase
19e4b128-f585-4a1e-aad7-ed67a4211278,35823,169,33,2023-10-14,18:39:05,1,1236.2,American Express,Purchase
edda9756-f5b9-485c-939d-1cb183d8a129,34871,143,64,2024-04-11,09:11:04,9,8793.9,American Express,Purchase
19c73264-0758-430e-9eb1-3ee498c636dd,5739,143,64,2024-02-02,08:40:47,6,5862.6,Visa,Purchase
a13fae0f-eb1e-424c-8368-09afd62871c4,13675,149,3,2024-09-08,21:15:27,10,13379.5,Discover,Purchase
0a77957e-a732-4aec-ac54-0854922f3edc,21623,189,64,2023-11-11,21:33:02,5,3373.15,Visa,Purchase
dfb0293c-9346-437e-9f1c-2c10f2d29354,27905,160,24,2024-04-05,22:22:43,5,3333.1,Discover,Purchase
c7651e5f-d529-480d-a3cd-38dfec86ae0a,8278,173,34,2023-11-14,01:26:55,6,8286.06,Visa,Purchase
4b3d12a6-0256-40b5-8614-50e175c30bf3,23263,159,65,2023-12-21,22:39:57,5,5149.05,Mastercard,Purchase
4d969cc1-4d81-49ab-b175-78ac71985557,39857,199,64,2024-06-08,04:18:31,2,1342.1,Mastercard,Purchase
b95687e9-3a4d-4682-8452-f93a0aba6e08,4995,160,56,2024-07-25,19:43:34,10,6666.2,American Express,Purchase
4e69d9c3-7805-4cfa-8feb-da06158dbe8a,21950,154,40,2024-03-12,02:53:19,6,3069.6,Mastercard,Purchase
1f1f4488-bf80-499b-a4ae-d6ecc1643ee8,36573,199,35,2024-06-30,15:01:00,6,4026.3,Mastercard,Purchase
afe3c7bf-8341-4672-ad13-3b301e059c5a,45023,143,42,2024-04-13,12:05:24,3,2931.3,Discover,Refund
375979ae-c5eb-4548-b2ab-9e1ca52788b7,22553,144,13,2024-08-12,07:47:58,1,347.4,American Express,Purchase
8939b52e-4a2a-42be-97bd-7d78a763a999,36123,154,24,2024-09-25,04:42:01,9,4604.4,Visa,Purchase
43eea8a1-2594-4332-9494-e482ece41e25,31732,160,24,2024-09-28,08:32:27,6,3999.72,Discover,Purchase
ab7e3515-b314-4f5e-9315-a90eba3d9aa6,35763,189,42,2024-04-22,20:43:52,6,4047.78,American Express,Purchase
f326ad30-fae2-4ff8-962e-4d07961efdc8,6814,144,64,2024-09-03,19:08:28,4,1389.6,American Express,Purchase
45c67980-4dc0-4f9b-aa6e-5833d0bb4b8a,15980,159,64,2024-07-05,20:21:36,1,1029.81,Mastercard,Purchase
d5d426f1-0204-49cb-a7c6-d32d1fc60e1c,7326,143,13,2024-07-19,02:23:00,7,6839.7,American Express,Purchase
848135e5-5371-462f-be89-b00ccf58bb07,18606,102,42,2024-03-08,18:22:16,9,8016.21,American Express,Purchase
b91c583c-4eb1-4ee4-8726-8e9180af3105,49006,144,64,2024-06-01,08:47:23,5,1737,Discover,Refund
83b248f9-cf3e-4e60-9cd3-fa7c9e743417,11937,144,35,2023-11-26,13:10:24,3,1042.2,Discover,Purchase
e1fbcbd3-0514-437f-aa7d-103351633231,43526,149,3,2024-01-30,12:21:04,7,9365.65,American Express,Purchase
c9946371-f922-44ad-a857-becd98e2e2bc,35356,159,24,2024-08-07,15:07:57,10,10298.1,American Express,Refund
11a87cc4-602e-451e-bf95-f66eeda014f8,40178,189,65,2024-07-20,13:40:40,3,2023.89,Mastercard,Purchase
e21ef29c-763f-45d6-a189-e2220cd0206e,3291,189,61,2023-11-14,05:06:22,10,6746.3,American Express,Purchase
7a891a87-6a6d-43b1-88db-6b41204d6017,34325,189,24,2024-02-29,03:48:18,3,2023.89,Mastercard,Purchase
f2a70080-6be1-4a05-afa5-50e1005edb0e,19121,144,13,2024-09-05,17:19:28,8,2779.2,Discover,Purchase
b5d24d85-009c-493c-8b5d-e8fa214a751b,21098,149,40,2024-08-22,06:58:02,3,4013.85,Mastercard,Purchase
dc2d3868-2213-4856-bade-58a717c7a0ce,35014,144,3,2024-03-30,06:02:44,3,1042.2,Discover,Purchase
63b56e0c-b5ff-4afb-8e94-172021662388,18655,189,56,2024-09-20,11:17:55,9,6071.67,American Express,Purchase
4c473c00-d660-4ceb-ae10-dcab898d5bd8,19946,102,34,2023-12-24,13:37:41,2,1781.38,Mastercard,Refund
41ef47e1-a0ed-4d98-88e9-584ee8eed93a,43684,160,34,2024-06-27,15:56:30,5,3333.1,Mastercard,Purchase
86242502-3f1b-4aaf-8912-edf02ff35515,46086,169,3,2024-05-28,02:52:20,9,11125.8,Discover,Purchase
47391b0e-8411-4dc5-83c2-a65d657b209c,33059,119,13,2024-02-02,03:53:46,4,3432.6,American Express,Purchase
87f3081e-7692-469d-8f86-ad0cadd5880d,32273,143,24,2024-06-14,14:29:46,7,6839.7,American Express,Refund
3edf6f62-5b55-4e04-b625-6cc2df4ee51e,18701,143,13,2024-01-28,16:09:15,4,3908.4,Mastercard,Refund
d87c7265-da35-413e-b72e-f4e72f233719,30504,169,13,2024-07-19,18:27:49,5,6181,American Express,Purchase
1c11b02d-a6da-4bbf-9322-094154288afb,2888,119,42,2023-10-18,20:21:21,6,5148.9,American Express,Refund
b1e1dfc5-1cf9-4d36-9337-9925eff7832b,34891,144,34,2023-10-09,15:54:34,1,347.4,Discover,Refund
2ef8bc2f-a953-4c3b-b447-90aa64f8b59a,46912,144,35,2024-07-30,13:15:18,4,1389.6,Visa,Purchase
833760de-581d-4152-afc8-b6ffb89d473f,16944,102,34,2024-04-11,12:23:18,10,8906.9,Mastercard,Refund
88137311-64aa-4f80-b945-d75efa132f4b,33790,160,61,2023-10-23,03:04:21,2,1333.24,American Express,Purchase
1df6889a-c7b0-49ee-939d-669b0d79dc40,17270,159,56,2024-04-20,04:50:33,8,8238.48,American Express,Purchase
739fd414-4138-40d0-bdbf-6bd31f73cdfe,6854,189,35,2024-07-01,17:53:43,9,6071.67,Discover,Purchase
bea9f685-c2df-42c1-a330-1553b7e77130,36034,144,42,2024-04-05,05:06:07,1,347.4,American Express,Purchase
c333b6c7-0ba2-442d-8015-60fabc0ff2c0,34123,154,33,2024-06-11,00:50:40,5,2558,Discover,Purchase
4d7771c8-5b37-4e84-96a9-b719b52c8900,21604,173,61,2024-05-02,20:20:55,5,6905.05,American Express,Purchase
aae21103-3352-49a9-8463-1942d753fff8,14998,173,13,2024-01-03,11:02:16,7,9667.07,American Express,Purchase
4f92270b-f2b4-4cf9-819b-78ef6cb82b37,19313,189,61,2023-11-23,19:13:29,9,6071.67,American Express,Purchase
2c924885-3e78-4aaf-b4dc-b7a86f71808e,32323,173,34,2024-01-25,04:53:09,2,2762.02,Mastercard,Purchase
03a977ce-5368-40a0-9ad6-ba634a7e2fdc,1927,144,13,2024-07-23,10:08:20,2,694.8,Visa,Refund
42676213-4fbf-4b6a-95df-ea8f27503a51,14198,169,65,2024-06-09,21:32:35,2,2472.4,Mastercard,Purchase
b96a7c3b-24db-4ead-bfbf-3631d009c736,13741,143,42,2024-05-31,19:22:40,1,977.1,American Express,Purchase
b24fc03d-0b2e-46b2-b7c4-91cf1e874fcb,44584,143,16,2024-06-20,05:05:20,5,4885.5,Visa,Purchase
e9198a4f-c278-46cc-a833-bbfefa31cf85,12736,119,16,2024-02-14,00:17:20,8,6865.2,Visa,Refund
b4f134bd-9e95-4240-b59f-406fdc243616,38215,160,3,2023-10-10,03:56:28,9,5999.58,American Express,Purchase
010fc0a9-d27e-45e2-822c-eb20018b1e2b,23508,149,55,2024-03-07,04:09:26,6,8027.7,Mastercard,Refund
66b4ea9e-cd89-42bb-b45e-35f5f1563514,32979,149,33,2024-05-03,11:59:32,5,6689.75,Discover,Purchase
080bd0b7-8e63-413c-acd5-4f35ab8c2738,8557,149,33,2024-04-28,06:13:57,5,6689.75,Discover,Purchase
2c5fe278-4678-47e5-b2f3-d45728c7a441,16326,149,34,2024-04-21,04:18:12,10,13379.5,Discover,Purchase
58048fcf-4c97-43bb-a403-64e116dc280f,21790,169,16,2024-01-15,11:57:46,9,11125.8,Discover,Purchase
d52cf138-f542-4e22-845c-b998edd990f8,16646,154,34,2024-09-06,09:47:28,9,4604.4,Visa,Purchase
b7169152-8a9b-4dd6-858d-2f3a8709a89a,23657,144,64,2024-06-17,17:18:05,10,3474,Mastercard,Purchase
f728df2f-8ecf-4247-9953-82476b697891,14346,102,3,2024-05-26,15:59:40,10,8906.9,Mastercard,Purchase
2b837603-63e5-45ec-ab61-3a1b20e3f96d,30144,119,33,2024-06-02,22:32:43,2,1716.3,Visa,Purchase
ce8c05b6-b83a-4889-a526-a3a7ce06f419,36967,169,33,2024-08-17,18:19:03,9,11125.8,American Express,Purchase
2ce12355-60c2-420c-a01e-535cef2da096,37805,159,24,2024-02-21,18:08:28,8,8238.48,Visa,Purchase
8d26e0bd-aae6-4526-bdc6-7616816d0227,17836,160,34,2024-05-10,13:31:19,4,2666.48,American Express,Purchase
1cea5393-874b-440e-bf28-b173b8addfda,23750,143,40,2023-11-10,09:05:59,3,2931.3,Visa,Purchase
f1c8ad0b-1268-46f7-ae89-52a4403cb62a,42502,154,61,2024-05-14,11:48:31,7,3581.2,Discover,Purchase
2a856394-4e49-45a2-ae1f-0e8c9683abd8,22157,160,64,2023-11-04,04:49:37,1,666.62,Discover,Purchase
691a7be7-bc78-45b3-b932-2df093f13bf4,28803,173,3,2024-05-27,06:42:42,9,12429.09,Discover,Purchase
0effcbc5-6302-4739-a701-ea8263fca1da,27896,119,35,2023-11-03,15:35:23,6,5148.9,Discover,Purchase
fa55385c-b494-4bb7-9223-15ef4db45f85,45905,199,3,2023-12-24,19:57:45,10,6710.5,Mastercard,Purchase
e1e40ebc-fa8d-4822-8c4d-1006827d1229,4196,199,35,2024-06-05,09:15:51,6,4026.3,Visa,Purchase
129479dd-9fbe-4103-9025-1b97390a75d3,46615,143,35,2023-12-15,19:45:19,5,4885.5,Visa,Purchase
65911663-b7f3-40d6-a81a-bd8c32122e6f,37697,160,35,2024-05-26,17:08:56,1,666.62,Visa,Purchase
50ba1279-ecda-4648-9ec7-41d4dc4a37bd,35648,149,33,2024-07-03,02:06:18,8,10703.6,Discover,Purchase
b97e8af9-deaa-4cc5-9440-b80b0446ae25,42794,119,56,2024-02-27,04:11:33,5,4290.75,Discover,Purchase
513f067b-8227-4fe7-a6bc-907765201bc8,18641,160,34,2024-08-07,07:20:51,5,3333.1,Visa,Purchase
fc670af7-1664-4ca2-9d02-d3757415131e,14492,102,33,2024-05-11,05:32:39,6,5344.14,American Express,Purchase
7ba325aa-19ea-4c66-97b7-45a468f8335f,11256,144,40,2023-11-24,04:49:19,2,694.8,Discover,Refund
febd3580-1b5f-46de-8682-e573936fa256,46880,144,64,2023-10-29,16:51:39,4,1389.6,Discover,Refund
ae28d9f2-69df-489d-b87f-6612972fbd46,43065,149,3,2023-11-23,20:06:43,7,9365.65,Discover,Refund
76a58050-0dd7-4f7c-bf73-6459e5b5153a,46135,169,16,2024-07-05,14:29:15,6,7417.2,Visa,Purchase
85c0cc67-4e0d-4066-9280-e82e03ad52f6,9942,160,16,2024-08-11,14:40:53,5,3333.1,Visa,Purchase
1c8f4e3d-003e-4037-95bb-740abca57fe9,49493,173,35,2024-08-13,01:06:07,9,12429.09,Mastercard,Purchase
f9a1ad9d-8930-428c-bdc9-e625600b4595,32533,199,34,2023-12-21,06:54:53,8,5368.4,Discover,Purchase
1aaa9195-d66b-4608-99b6-e474a629cc84,34854,199,3,2023-10-30,04:18:51,4,2684.2,Visa,Purchase
38503093-c015-49b7-9126-a09df0332f1d,39910,199,13,2024-02-02,21:06:14,2,1342.1,American Express,Purchase
f022203a-eb36-4454-8ec5-76cae60f65c1,12736,159,35,2024-01-17,09:31:25,10,10298.1,Visa,Purchase
fa7601e3-48de-4398-8b14-b3ee48f1caf0,37205,169,55,2024-08-12,06:18:45,6,7417.2,Mastercard,Purchase
a89681d7-2b18-4b42-999a-d57f93b113b4,15314,154,42,2024-05-07,19:40:22,10,5116,American Express,Refund
f1fc621c-4c93-4690-a454-c77379e53878,35062,143,33,2024-01-18,05:41:22,4,3908.4,Discover,Purchase
8c550fc4-5cd7-4327-80df-24b94c0a7e74,37415,173,55,2024-04-18,11:16:48,9,12429.09,Visa,Purchase
e559f9f9-f259-4f9f-bebe-aac11d5fe968,43107,149,64,2024-04-30,00:32:53,2,2675.9,Visa,Purchase
43f9d0da-2ecb-42df-b932-4c489e6fee23,26762,189,3,2023-12-29,00:50:55,6,4047.78,Visa,Purchase
76025090-cc7a-4fee-880a-cc9b6c55a2b3,45374,169,55,2024-05-01,15:38:12,7,8653.4,American Express,Purchase
ee28257a-8ef1-4825-aaa8-345daf49aa9b,43596,102,35,2023-11-30,13:45:27,6,5344.14,American Express,Purchase
309e6659-02e5-4286-a65c-b6129ecbc34d,46880,159,40,2023-12-17,20:24:18,3,3089.43,Discover,Refund
e0307edf-028c-458e-a9d6-01f900a97785,3079,154,56,2024-04-19,14:28:39,3,1534.8,American Express,Purchase
3217fa1d-d16d-4f68-bb91-edac41761316,45238,149,34,2024-01-30,12:37:15,10,13379.5,Visa,Refund
429e315d-d958-49f5-93ec-b0dca18655a6,30771,173,16,2023-10-30,00:00:31,2,2762.02,American Express,Refund
5a88a9be-0747-48b2-aa0f-6dbbeba14738,2487,144,64,2023-10-14,19:17:50,10,3474,American Express,Purchase
6e1d025d-0664-4ae2-9714-79ede6229290,29662,159,13,2024-09-12,04:50:11,2,2059.62,American Express,Purchase
df04e855-c254-450a-a370-88cba503309a,22157,189,34,2023-11-14,02:05:45,2,1349.26,Mastercard,Purchase
8f0e0443-ca17-466d-ac74-217982158da4,20144,173,24,2023-11-06,07:56:23,4,5524.04,Visa,Refund
63f8c51f-0a22-46ce-9833-f50e50a7bd0e,22513,173,64,2023-11-20,02:08:35,5,6905.05,Discover,Purchase
79d5db50-8e83-4db6-9907-ba1724116f22,32495,189,55,2024-04-17,20:08:34,4,2698.52,Mastercard,Purchase
960181c0-9302-41f2-8910-d941d7d11234,23334,144,16,2023-11-30,23:52:18,4,1389.6,Mastercard,Purchase
c3c89bd8-0c6d-46f1-bf99-365255fdec08,19356,160,3,2024-01-28,12:08:08,4,2666.48,Discover,Purchase
88cf3050-2041-4541-9331-89f1e5bc0d20,34136,119,16,2023-11-02,09:29:35,1,858.15,Visa,Purchase
26dbc8c5-d752-4417-b61a-ef3d5c5fd32b,6853,173,55,2024-05-06,21:13:36,1,1381.01,Mastercard,Purchase
13bedac9-12f9-490e-b312-1a7d10546b4a,15528,154,61,2024-02-19,20:12:47,8,4092.8,Mastercard,Refund
f9190db7-4e0e-4bed-a6ca-7485b4678c51,17648,199,64,2024-02-21,02:56:26,1,671.05,Mastercard,Purchase
9522d257-7767-4767-8b6d-82f6e53ed94b,1912,173,24,2024-03-20,16:19:10,7,9667.07,Visa,Purchase
e0dc9f0f-9c0b-4959-867b-333d35d56d42,31167,119,55,2024-06-07,12:45:48,1,858.15,Discover,Purchase
34fc5d0d-5a9a-40ed-b96b-3e4c4239a746,27004,119,56,2024-04-09,11:50:36,3,2574.45,Visa,Purchase
0cbaccec-49f8-419b-a677-2cc713251711,5750,160,40,2024-05-21,05:14:04,3,1999.86,American Express,Purchase
b7db2c17-8d8b-4954-8ab9-3c32249e2de1,7632,173,24,2024-02-24,13:57:51,4,5524.04,Mastercard,Purchase
f0dbe3d8-e823-419e-a4ac-83f5aac1f4f2,19869,189,65,2024-04-10,05:07:07,6,4047.78,Mastercard,Purchase
2c6810dc-f9e7-408e-b4b7-60d7b9f194d9,9039,119,35,2024-05-18,06:53:24,3,2574.45,Discover,Purchase
24c425ee-7573-406c-bab0-a068ae064ad7,16144,199,65,2024-08-01,10:46:32,7,4697.35,American Express,Purchase
b0ef188e-e174-4fef-a924-8fbe3165a389,19131,144,34,2023-12-22,05:25:06,5,1737,Mastercard,Purchase
3dcc7e09-fbf8-4e21-b66e-94edf293bf88,37767,102,61,2024-01-07,20:49:05,2,1781.38,Mastercard,Refund
9faccf22-4ea3-4342-8d13-4a9d62fbcbbc,39454,143,65,2024-09-13,07:08:05,8,7816.8,Discover,Refund
610be74f-46ad-4a75-9c6d-7f3a24c5b6e3,2557,119,56,2024-04-21,14:14:54,10,8581.5,American Express,Purchase
8c63a619-dc9e-4933-98e8-6b602c200e15,19478,144,55,2024-02-16,11:14:11,7,2431.8,Discover,Purchase
64d3c8b3-817b-4dd3-943c-0494efccb26a,20375,119,13,2023-11-19,23:48:29,3,2574.45,Visa,Purchase
a944596d-a084-4fa5-8010-b8770dc0e425,13016,143,16,2023-10-13,06:14:38,5,4885.5,Visa,Purchase
7a699abe-2f92-4f6d-8b0c-ca8d2a046b82,12902,160,34,2024-04-09,16:00:56,4,2666.48,American Express,Purchase
427f04ff-8d5b-477b-97ac-de254badd957,14362,143,40,2024-04-22,03:22:16,7,6839.7,Visa,Refund
3689b4cf-ae7c-4571-81ee-368185315279,46880,160,65,2024-08-06,02:42:49,10,6666.2,Mastercard,Refund
d5cac930-5244-43bf-8f3d-c228e3f36166,40343,143,24,2024-06-04,11:05:16,10,9771,Visa,Purchase
e980a641-fd75-4b20-8e55-a5a27a521aa5,27165,159,55,2024-04-08,03:29:17,10,10298.1,Mastercard,Purchase
44b50d30-e737-485c-ae7e-4a8ab5b8e3f9,3900,160,24,2024-03-31,12:06:29,8,5332.96,Mastercard,Purchase
154f4428-42ac-467a-8836-51dd255705f3,17139,143,33,2024-07-05,06:47:24,4,3908.4,American Express,Purchase
ce3380f1-c118-4e64-8f55-53fd496d27ab,49185,160,34,2024-09-05,20:33:53,9,5999.58,Visa,Refund
d3892782-3d4c-468e-a9f0-23413662b09e,17285,189,61,2024-07-22,02:03:55,10,6746.3,Discover,Purchase
743e6c4b-2849-41e6-a4cc-adc9c166d16a,48227,144,42,2023-11-12,16:17:34,2,694.8,Visa,Purchase
ae1c764b-41b2-414c-a8f8-79c0784796f2,10720,154,34,2024-01-27,04:10:02,4,2046.4,American Express,Purchase
61ae9721-8bd7-4d2f-86a1-b1be4f9611b2,34651,144,61,2024-07-24,22:46:15,10,3474,Discover,Refund
b9337874-c1f1-4c18-95ee-b3e158ca3b99,16722,173,16,2024-01-27,22:06:55,6,8286.06,Visa,Purchase
61f76f2a-e255-4e19-8efc-7b206c9c025a,2418,144,33,2024-06-13,04:58:14,2,694.8,Mastercard,Refund
6e3dd8b5-44a9-4178-bd0d-0f9df2b174eb,37249,189,24,2023-10-13,22:27:51,10,6746.3,Visa,Purchase
fbf54cef-5fc8-459d-a4b3-013632e38aa4,40343,119,33,2024-06-25,12:48:40,4,3432.6,Discover,Refund
a4e3a7d9-6ef0-4fb2-9446-dd477a595637,15278,173,35,2024-09-02,23:34:02,5,6905.05,Visa,Purchase
b453750d-c1ed-4d3c-91f7-527fb2131a20,41338,144,40,2024-08-25,05:19:07,3,1042.2,Mastercard,Purchase
d1674d2a-91c4-4d28-8ba0-538fefcecdb0,20889,160,65,2024-08-02,18:14:09,10,6666.2,American Express,Purchase
53c27072-44a4-47e6-9203-e35a071a2819,17630,159,35,2024-02-02,00:17:54,2,2059.62,Discover,Refund
3fd71d6e-cf30-4f55-82b3-aad30b1a81dc,17514,173,3,2024-01-25,02:28:22,4,5524.04,Visa,Purchase
da6a96c4-c0ef-4649-ae98-e58fc402710f,29579,159,24,2024-08-27,13:46:04,4,4119.24,Mastercard,Purchase
6e88cc5f-60e7-4c1b-8065-d4c0d3d9e2d2,18763,189,40,2024-01-05,02:57:12,3,2023.89,Discover,Purchase
0b9817d7-143f-4fc1-a1cb-588a2907423e,41803,169,34,2024-02-28,13:23:28,9,11125.8,American Express,Purchase
45750b07-00c3-47a0-97c4-c25cf53f85a4,47611,159,64,2023-10-24,06:47:11,7,7208.67,Mastercard,Purchase
5f3b2155-b5f5-4bb9-9b1d-b33f649701f0,22427,189,56,2023-11-10,10:26:48,10,6746.3,American Express,Purchase
7112c0c0-cf66-4f8f-abcb-6fa9e4a858a3,22340,173,56,2024-08-31,09:23:45,4,5524.04,Discover,Purchase
92a40df3-2dbf-4e29-9e17-d0c647749d16,4138,143,40,2024-08-20,03:30:24,2,1954.2,American Express,Purchase
6d60c1fc-1af5-42e8-8dae-2f868ec7104a,22095,173,61,2024-05-31,04:27:25,4,5524.04,American Express,Purchase
63ef8300-015d-4721-8a6b-66d4dcd56ab9,47310,144,33,2024-01-13,17:19:53,6,2084.4,Visa,Refund
bb64405a-022c-4c3b-8074-3b4d4cd1306f,37360,160,3,2024-02-03,15:38:07,3,1999.86,Visa,Refund
2501bbd8-5926-485f-bb9a-fce2c3c1302e,38992,159,40,2024-01-18,19:50:01,5,5149.05,Mastercard,Purchase
7b5cae65-ef71-4872-8ccd-1a07d86d06f2,45117,119,34,2023-12-29,16:26:46,9,7723.35,Visa,Purchase
72c0e250-f920-4429-bd93-1e26b8465c39,17825,189,55,2024-05-18,03:17:33,1,674.63,Visa,Purchase
140994d2-0d74-4e87-96b4-9657870f0752,28881,189,56,2024-08-18,07:56:16,4,2698.52,Discover,Purchase
fef0fca2-404c-4fb2-97ef-de8081092e0e,32260,119,3,2024-04-12,06:01:50,6,5148.9,Mastercard,Purchase
0bfb26db-6959-4145-aeac-db776d716e8f,23403,189,55,2024-04-30,08:49:12,1,674.63,Mastercard,Refund
3f396836-3b8c-47d8-9ac1-bc293f096289,36923,154,42,2023-11-18,06:51:51,4,2046.4,Discover,Purchase
03245d64-c1f2-467a-b612-df76f3c53fad,25547,119,65,2024-02-06,04:06:38,2,1716.3,Visa,Purchase
85afaa33-6bf6-4058-a577-9071d7e53dc6,38666,119,24,2024-06-09,22:18:06,4,3432.6,Discover,Purchase
2d6e3697-ca59-4b9b-8a74-a0ad2f12b4fb,21254,169,55,2023-12-09,02:32:23,9,11125.8,Mastercard,Purchase
8a5a56eb-6c71-4dfe-96bc-444937a26a7b,35525,154,40,2023-11-12,06:20:00,8,4092.8,Discover,Purchase
de5a47aa-ee66-4406-b106-73425087e085,36444,149,61,2024-08-04,15:49:10,2,2675.9,Mastercard,Purchase
30a58507-9f31-4d1d-8d44-d5c19dc7cc9c,42763,159,16,2024-09-19,12:02:42,2,2059.62,Mastercard,Purchase
121b6df1-66dc-418f-89a6-d74aa8973816,28803,173,3,2024-08-11,09:55:50,6,8286.06,Mastercard,Purchase
b69bcae9-7b38-4ffd-8095-0bbd793d191c,19157,159,55,2024-05-19,20:55:41,5,5149.05,Visa,Purchase
f607f425-720e-4266-baaf-8226e511dbdd,40395,143,64,2024-05-07,05:00:07,8,7816.8,American Express,Purchase
c33c6606-4b68-4068-a140-d5d88aef72a3,49920,160,42,2024-09-06,09:10:29,10,6666.2,Visa,Refund
b9a3cbb0-d72d-4cdb-87f2-29369a5f681d,13982,119,16,2024-05-02,02:17:26,5,4290.75,Discover,Purchase
fa16be1f-564f-42b7-9c7e-e4ebf2c04dac,5275,173,56,2024-02-03,03:13:13,6,8286.06,Visa,Purchase
4ffa1e2b-95d4-4708-a539-3914eb151c41,36473,159,65,2024-06-02,17:40:35,3,3089.43,Discover,Purchase
08a20c22-3057-4f11-ac78-a4e0777ac302,41214,149,16,2024-02-10,02:25:06,1,1337.95,Visa,Purchase
a447fd6c-299b-4b66-ad7a-e8f410434901,29387,173,35,2023-11-02,15:02:43,7,9667.07,Mastercard,Purchase
79994ba5-9340-461c-845f-2bab2522aff0,4952,143,56,2023-12-24,12:08:31,5,4885.5,Visa,Purchase
c12d47a7-a435-4db7-b1f4-5fcd4416c688,36410,119,64,2024-07-29,22:08:28,6,5148.9,Discover,Purchase
e9e77087-cb6e-417e-9c9d-1e7174815805,12516,143,64,2024-01-07,07:46:35,9,8793.9,Mastercard,Refund
58994d0c-e16d-4431-82f9-708257437985,40744,160,65,2024-09-10,20:49:39,5,3333.1,Visa,Refund
deb260a1-3595-4553-afcb-093098cf2c5f,38318,159,64,2023-11-23,16:44:45,1,1029.81,Mastercard,Purchase
7263e918-a67c-445d-91f8-d55595bf47dc,42051,102,55,2023-12-22,10:05:31,2,1781.38,Visa,Purchase
647d0a51-2f44-4651-a97a-a18330a42f33,31449,144,13,2024-04-12,08:59:47,1,347.4,American Express,Purchase
9afeea60-eeee-4764-8d11-5ad35c0e1dc3,28841,169,56,2023-12-29,17:01:34,10,12362,Visa,Refund
21155122-88c4-41cd-b0e6-30e9189f4a4e,41157,173,42,2024-04-20,09:58:51,2,2762.02,Discover,Purchase
57f0a08b-dd87-4309-865b-50383ea0e9f5,3575,154,40,2023-11-09,16:20:15,2,1023.2,Discover,Purchase
1fe8c75a-9a80-498c-b52d-ca3e0b40d0ea,34866,144,35,2024-07-02,02:54:19,2,694.8,Visa,Purchase
87c88f9d-31ab-43a7-88e8-0125c8806380,47424,143,16,2023-12-19,17:27:45,1,977.1,American Express,Refund
c5b8c5c1-4a55-4ab8-aee4-cdf9672e79e4,4737,189,55,2024-01-07,01:03:16,5,3373.15,Discover,Purchase
aa2c802a-61db-44cb-b27e-351bd8e364dd,7214,154,56,2024-05-11,11:02:28,1,511.6,Discover,Purchase
d3637513-809b-472d-8464-151ddf35c5ea,44128,169,33,2024-02-06,11:46:44,4,4944.8,Visa,Refund
d84f8c05-9e06-4ff9-b0ec-80a879df1d49,23403,119,42,2024-07-13,23:18:15,7,6007.05,Discover,Refund
80de5d7c-aa05-4dbf-8b4e-0e13751261aa,10071,144,61,2024-08-02,00:46:47,3,1042.2,American Express,Refund
aff6b6fa-d42a-4b22-a406-1c7492b82b12,40419,144,42,2024-05-14,20:37:31,4,1389.6,American Express,Purchase
fa4c6637-50ba-4f8d-adf7-e201b4c2e1ba,46306,189,64,2024-05-27,23:14:48,7,4722.41,Visa,Purchase
1564e7eb-b0a7-46e9-90ea-53000be533a4,19755,173,40,2023-10-26,03:28:45,9,12429.09,Visa,Refund
bf83e196-b1e0-4a7d-953e-b3296d85f510,34854,149,34,2023-11-18,15:26:36,2,2675.9,American Express,Purchase
5dc166cc-c5f2-4a3d-9922-324ada0cddd1,13167,189,40,2023-11-16,22:55:51,8,5397.04,Discover,Purchase
5e463ed4-053e-4957-8ea2-6f5a257a836b,33666,102,55,2024-08-02,00:12:39,2,1781.38,American Express,Refund
b22def8f-837e-4359-9364-8d9282872bdd,22270,199,56,2024-04-15,00:26:53,8,5368.4,Mastercard,Purchase
eba07c8e-9493-4ad8-afb5-a4d4e3013cbc,24202,154,24,2023-10-28,23:20:50,6,3069.6,Discover,Purchase
b94d8589-b99f-44f6-9878-62f8cbed8cab,17061,144,13,2023-12-21,12:47:31,7,2431.8,American Express,Purchase
8bfb2bee-2a9c-4a31-8dd5-a10e9c9fba96,21813,102,3,2024-05-22,05:21:04,1,890.69,American Express,Purchase
d985f9a6-bee0-46b1-a296-ea5244ddf3c0,48520,160,13,2024-05-18,02:51:30,10,6666.2,Discover,Purchase
c54ef70d-cea4-4c66-b4c9-a46157af866b,26752,143,35,2024-05-05,20:34:14,7,6839.7,Discover,Purchase
bfad64b6-8d0c-4129-b8fb-8632eac3270b,24953,119,34,2024-09-26,16:58:35,7,6007.05,American Express,Purchase
d17a0347-8013-4e99-be7e-17137f0a918b,9693,173,40,2024-09-14,00:52:10,6,8286.06,Discover,Purchase
eb65f6f1-766a-42d2-8994-5db2948ed585,25299,119,3,2024-03-09,01:57:05,9,7723.35,American Express,Purchase
c51c68ad-90f5-4c10-8916-797e6e7b0c3c,36567,169,16,2024-06-28,05:47:22,5,6181,Mastercard,Purchase
6a6888de-b788-4738-8783-a821d6b3c650,6608,189,61,2024-08-01,01:24:33,7,4722.41,Discover,Refund
2d9a4566-d57b-4520-8457-2307b3ffd077,36923,143,33,2024-04-22,04:36:11,4,3908.4,Visa,Refund
aaf1ac52-af8a-499c-acad-ab1bc9268767,28365,173,3,2023-12-24,10:03:21,3,4143.03,American Express,Purchase
a02eb697-0d87-49e5-8453-cc760341e44a,41047,102,65,2024-05-05,21:01:45,6,5344.14,Mastercard,Refund
c787815f-876e-4b34-9f2d-799e77e27151,3291,173,34,2024-01-07,07:31:55,1,1381.01,Visa,Purchase
107327d5-64df-4c2a-ad9e-4abf57f92cec,19054,144,56,2023-11-09,09:56:37,4,1389.6,Visa,Refund
c4f13a2f-d424-4246-b65a-0a1e75fcfb51,39593,102,3,2024-09-04,00:16:30,7,6234.83,Visa,Refund
97eb93cc-6f02-4e73-bef6-76c8d8cdc8ae,9429,169,40,2024-07-15,23:09:56,8,9889.6,Visa,Purchase
6a9e4232-0fc8-4cbf-8935-6b5b6fc384bc,48772,160,61,2024-02-18,17:37:26,9,5999.58,Mastercard,Purchase
1de1d72e-0bbc-4993-86f1-7b6fc9a5f1d4,22984,173,64,2024-05-17,15:56:43,2,2762.02,Discover,Purchase
d25a363f-c14d-46ea-b0d0-da4870aff7e6,44787,143,16,2024-03-11,01:56:23,1,977.1,Discover,Purchase
6f520d17-4f4d-4a0a-895e-b7d3639ba660,39454,169,33,2024-05-09,10:23:43,6,7417.2,American Express,Refund
9ea71e32-19bb-4096-b89a-6e0c58a4c6f1,19997,159,13,2023-11-17,12:54:54,10,10298.1,Discover,Purchase
4831c9d6-d0b2-4f0b-b906-11428329735c,21296,149,56,2024-01-04,19:37:49,1,1337.95,American Express,Purchase
cbb4d9ba-f672-45b4-a3fa-53ec0da04439,40024,149,56,2024-03-16,19:19:10,6,8027.7,Mastercard,Purchase
2087bb84-e3f9-4e2f-8a64-281df4d06a1a,3794,144,35,2024-05-18,02:39:13,7,2431.8,Discover,Purchase
c913181e-efe3-44f8-b329-dd2ddc0ebc7a,9108,154,34,2024-07-24,11:56:22,9,4604.4,Mastercard,Purchase
d1dc0efe-eba9-44ce-ae5f-9e2b0c09fcf1,23403,102,61,2024-08-22,13:13:52,3,2672.07,Visa,Purchase
84718369-c3db-46f6-bb71-213c0c68da53,37588,169,64,2024-02-07,21:47:27,5,6181,American Express,Purchase
43f1cc9a-e178-4d5f-aac2-99e5a2c1a19f,21657,169,24,2023-12-17,23:55:54,3,3708.6,Discover,Purchase
ec3f41ab-595a-455a-b596-8184ff9d0349,25103,159,13,2024-07-22,09:16:57,8,8238.48,Mastercard,Refund
9428cb17-fc6b-4ef1-aa21-e6207a268173,41780,149,42,2024-06-10,09:35:03,10,13379.5,Visa,Purchase
aa508a13-50bc-43ce-bb78-1636a6f4a2d2,46001,149,24,2024-03-26,17:23:19,6,8027.7,Discover,Purchase
1b83e747-1c8d-442d-9a4e-ad70b11520ff,16008,173,34,2024-02-08,08:03:08,5,6905.05,Discover,Purchase
a9400cc5-68a4-4b6f-86da-5f86f5a3962b,37202,159,35,2024-07-28,09:25:30,6,6178.86,American Express,Refund
6efe0479-b90e-4cb4-9cd9-235b8571ec76,7850,143,35,2024-02-27,12:30:12,1,977.1,American Express,Purchase
a46e4187-a46a-4c1c-8ea5-c2f45237196f,48550,169,40,2024-10-02,06:13:39,1,1236.2,Mastercard,Refund
b0b82541-cbed-4103-bbab-a31da64d6264,20635,149,65,2024-04-07,15:17:14,5,6689.75,Discover,Purchase
14a51ff3-1d28-44a3-8858-e9100551fb86,23660,154,56,2024-03-13,18:33:41,5,2558,American Express,Refund
71f4b099-3f0f-486c-ba20-54895d6216f6,24519,173,33,2024-07-28,13:42:28,5,6905.05,Mastercard,Purchase
b6345c0a-6ffe-4edb-bcd9-2390412b82e1,8278,154,24,2024-06-19,16:34:30,4,2046.4,Visa,Purchase
e722de0f-7a82-4d1c-9fc9-f7f2eb83c990,19470,159,42,2024-08-06,18:13:54,2,2059.62,Visa,Purchase
3368623f-c196-4035-904d-b588f99d7f1e,9239,149,64,2024-06-03,04:35:46,4,5351.8,Visa,Purchase
07532dc4-c95e-4421-aaf6-a7df2454c4f4,40220,169,61,2023-10-20,21:11:17,4,4944.8,American Express,Purchase
bc29e794-8021-42d2-bfc2-9644d9a3a5ed,41878,189,24,2023-11-07,09:32:36,8,5397.04,American Express,Purchase
c597c9b1-c324-459f-9319-640fd92ffd2d,22714,154,24,2024-01-24,05:21:42,10,5116,Discover,Purchase
4d9c35e6-6d27-4b88-845c-3a1cc617717e,37921,189,65,2024-03-25,18:37:53,8,5397.04,American Express,Purchase
e66f7a69-fe29-42f3-a320-99c97eee5197,47145,189,24,2024-09-17,11:58:45,3,2023.89,American Express,Purchase
b1fc1aec-3ec5-4480-81fa-3409c0bd1ee2,33728,160,3,2024-02-14,13:57:55,8,5332.96,Mastercard,Refund
74cc26d2-e3ce-4cec-a20b-31efc35ca700,5739,199,24,2024-03-09,13:19:34,5,3355.25,Mastercard,Purchase
ccfab961-7023-4fd2-a95b-f1c07baedb5a,21646,160,24,2024-08-27,21:37:58,10,6666.2,American Express,Purchase
351e2dd7-c523-4552-b969-871fac97c705,27174,149,40,2024-05-11,07:16:37,5,6689.75,American Express,Purchase
eadc74ab-f941-458f-ba6e-b2ecbe484ab0,23657,199,55,2024-04-06,01:13:35,5,3355.25,American Express,Refund
0410cf5a-fa71-4994-b3cd-c862d6471684,24743,154,34,2024-09-30,06:35:41,4,2046.4,Mastercard,Purchase
276b252d-d39c-4f4e-850b-7f0b38323b13,49098,149,13,2024-08-30,10:43:57,9,12041.55,American Express,Purchase
733b671e-5f1d-499b-8779-f58789e014d3,36395,144,42,2024-01-29,01:16:05,1,347.4,Mastercard,Purchase
e509ffc4-3433-41b9-841e-7b46723a3f01,36473,199,65,2024-07-09,14:56:26,9,6039.45,Visa,Purchase
efca61ca-3cf9-4a7d-b8e2-fa6415f48bea,49343,160,40,2024-04-04,22:42:58,8,5332.96,Discover,Purchase
78090c46-35c9-465a-b50c-2f056968338e,16088,173,55,2024-02-11,16:16:58,10,13810.1,Mastercard,Purchase
ba727bf3-719d-4864-a8ed-c8f186ac853f,28625,169,13,2024-01-01,01:44:05,10,12362,Mastercard,Purchase
471f62c9-09a6-450a-87ab-63302d1627a9,37525,149,42,2024-01-03,16:39:59,2,2675.9,Discover,Purchase
f268504c-c655-43df-a7de-728830817ff0,16380,189,65,2023-11-24,20:52:00,7,4722.41,Mastercard,Purchase
819ab9d1-17ad-4370-93b0-20ce1674a5af,27747,160,64,2023-12-01,07:09:20,3,1999.86,Visa,Purchase
364f0705-3145-40b1-a23f-0bf66b40a332,35967,159,55,2023-12-05,05:09:27,3,3089.43,American Express,Refund
74026850-aceb-4007-aab1-d620786e9c30,7690,173,16,2024-06-16,21:58:57,2,2762.02,Mastercard,Purchase
922afd4a-0046-4ba5-8e63-5bb33fe247fb,1787,144,55,2023-11-01,17:37:37,9,3126.6,Mastercard,Purchase
2ec9face-ac17-4272-a369-a11ab21b301d,33158,102,56,2024-04-05,16:28:33,1,890.69,Visa,Purchase
ef63c823-d0c7-4b5c-872d-ea2ec606850d,35062,173,16,2024-01-10,05:25:41,5,6905.05,Discover,Purchase
5d05c705-44c9-48c8-8e5e-5b2e30982665,24825,169,3,2024-06-06,23:12:36,8,9889.6,Mastercard,Refund
e8fcb74e-5cdb-490a-80ba-ec7c86bb00f0,11306,102,16,2024-06-26,17:58:13,4,3562.76,American Express,Refund
f164cdce-9cd3-4724-af6f-69580e9c29c6,26712,160,64,2024-09-07,15:43:47,1,666.62,American Express,Purchase
aafce967-6e3f-4a94-9d0d-9be842b16697,21203,160,3,2024-02-26,09:31:17,8,5332.96,Mastercard,Purchase
fc31f801-d2a1-48bd-8c94-d8fb32c648e0,13520,169,16,2024-04-09,21:43:03,2,2472.4,Visa,Purchase
3c400a61-007a-4b41-bc1f-91fd31da8d9c,26521,169,33,2024-07-10,15:22:54,8,9889.6,Visa,Purchase
06fdab99-bbcf-4ca2-b0d0-3fb8395b1f5f,27284,159,42,2024-06-02,04:58:06,8,8238.48,American Express,Refund
306fa12b-8a73-43c1-a40a-c0613be9a320,11774,173,16,2024-05-13,04:02:36,10,13810.1,Visa,Purchase
0f830ca2-37bd-4f4c-8125-8efcfd5e0895,3669,102,56,2024-08-01,11:57:42,5,4453.45,American Express,Purchase
7e8fa97a-b0be-469f-8399-1666da1b3a17,38379,144,13,2024-01-23,11:34:09,8,2779.2,Visa,Purchase
84527ac4-9841-4f55-bb00-73efb3102217,18531,143,65,2024-09-29,12:07:45,4,3908.4,American Express,Refund
0e81c200-1d7b-4003-acfa-278ec29a8012,24519,159,16,2024-06-26,12:00:45,9,9268.29,Visa,Purchase
6b9deacd-ecb6-4215-8f2e-d3fc65899647,11379,159,34,2024-08-11,15:47:02,7,7208.67,Mastercard,Purchase
0d218dba-9fdb-4a8a-ae3f-4a6d0514c40f,47599,173,61,2024-08-21,00:30:55,1,1381.01,Mastercard,Purchase
96dfd844-b701-496b-9de9-3ba405c06ab7,24332,144,64,2023-12-13,16:59:32,7,2431.8,Discover,Purchase
a89581a3-6e7b-4a5f-aabd-6aaca8e3965e,42888,143,61,2024-06-28,07:02:34,2,1954.2,Discover,Purchase
a38d5c0b-392f-44ce-b52e-c5a31b1326df,6492,199,40,2024-04-12,14:41:51,1,671.05,Visa,Purchase
4d0969f2-f405-4346-86bc-17fd31465c15,2888,102,64,2024-05-21,20:39:00,7,6234.83,Visa,Purchase
19654708-d129-4fdf-a1f0-c22d3ccb5da7,34247,169,16,2024-08-31,17:10:37,1,1236.2,Mastercard,Refund
bf0c8fc3-d5bf-4b1d-bddb-90c94af644dd,6253,199,35,2024-02-17,12:57:54,5,3355.25,American Express,Refund
74909c0e-bee2-4cc5-80ce-eaf60c558ee0,29540,199,40,2024-01-27,23:05:57,10,6710.5,Visa,Purchase
e7252b3b-be5e-4746-a575-c58b4e1e527f,8278,149,40,2023-12-05,14:27:53,5,6689.75,Discover,Purchase
9211939c-38b3-4e06-aaf6-0d693414d30a,7586,143,40,2024-03-12,08:10:50,4,3908.4,Visa,Purchase
d07aa4d7-586c-4ad7-a420-67abdc64f44d,16586,119,34,2024-08-31,17:43:12,6,5148.9,Discover,Purchase
c28e6cde-161c-435d-a351-a19c3d845fc6,30339,160,24,2024-03-19,18:31:16,2,1333.24,Mastercard,Purchase
50c9187a-94a8-4b3b-9313-13adfe0aba27,48668,189,64,2023-11-17,05:19:42,1,674.63,Mastercard,Purchase
928cf208-2e37-4393-b621-d2608be9ab16,27494,154,65,2024-07-16,23:29:05,1,511.6,Visa,Purchase
ea1fb0ce-d60e-4e38-b49b-a39c8217ded7,47265,102,56,2024-10-06,15:14:17,9,8016.21,Visa,Purchase
3b03264d-0e87-4142-9cb7-18512f9362ac,14218,173,61,2024-08-16,01:37:38,4,5524.04,American Express,Purchase
4c617f3e-437c-45e3-952f-0b0eb22f903a,27537,119,24,2024-01-28,21:51:31,7,6007.05,Visa,Purchase
76106683-f6bc-4527-b544-69471c2d3a6c,2936,159,13,2023-11-25,04:28:39,2,2059.62,Discover,Purchase
bec954ec-5a02-4e43-b3cc-eb3632f3fd36,45325,160,16,2024-01-15,18:37:11,1,666.62,Visa,Purchase
3155df99-7bd6-4491-9ebc-06dda0e5c0ad,27791,199,55,2023-10-31,06:45:39,2,1342.1,Visa,Purchase
09cca61b-e937-4bf5-92db-3ddb9c99f484,47358,189,33,2024-10-06,17:00:34,6,4047.78,Mastercard,Purchase
4025aca9-2dfb-463d-83ca-5ef90694df1f,23271,159,65,2023-10-19,09:52:06,8,8238.48,Discover,Purchase
e84e6fe9-b982-4c56-b32c-528b8c0bd539,34854,119,13,2023-11-09,22:09:15,5,4290.75,American Express,Refund
f405ff13-8e63-4c2a-9c92-7140eb47344c,1163,159,56,2024-06-23,23:28:59,3,3089.43,Discover,Purchase
572fbd25-8413-4f63-89c3-8a65ff57881c,21824,169,3,2024-07-28,03:46:03,10,12362,American Express,Purchase
ac676e42-ab7a-412f-ac08-928b0383b8a3,27733,144,34,2024-01-19,16:41:37,1,347.4,American Express,Refund
5ed14318-b318-4b63-8c12-1ae947d72e37,49177,160,16,2024-09-26,07:37:16,9,5999.58,Visa,Purchase
a841f724-d8c7-4dde-8163-e9ccb66717ff,6205,119,55,2024-09-30,21:09:56,8,6865.2,Visa,Purchase
cc67ab1d-e8dc-4c98-996e-18d0cd2cf8e4,2717,102,56,2024-07-11,10:07:08,6,5344.14,American Express,Purchase
77bce9eb-16af-4c12-904f-5484c3e9d2de,11544,199,40,2024-08-27,21:27:20,6,4026.3,Mastercard,Purchase
1ad48504-e73b-442a-b671-9429cba42368,16112,199,3,2024-02-21,20:15:45,8,5368.4,Mastercard,Refund
7548ecb2-782d-4210-a469-a9af16143e32,28740,144,24,2024-03-29,19:57:12,5,1737,American Express,Purchase
b405df30-d048-47f4-bc4b-2cc840efe37f,21978,143,33,2024-08-11,15:29:01,5,4885.5,Visa,Purchase
8223df09-3759-4a94-98a4-75c8c36ae242,18376,102,33,2024-06-28,14:23:55,8,7125.52,Mastercard,Purchase
1a2985e9-7d08-4d3a-9db5-0c0abf747674,49782,160,42,2024-05-20,07:44:09,6,3999.72,Discover,Purchase
478346e7-597a-4890-82a2-6ceeafb0a8a6,35639,199,34,2024-01-09,08:51:00,1,671.05,Discover,Purchase
61b44df1-87a2-4505-8834-345016e563b4,18680,159,64,2023-11-16,23:27:16,2,2059.62,American Express,Refund
5aa148cc-dd7f-4f09-afba-2b979755d9b3,46024,102,61,2024-03-13,22:56:25,10,8906.9,Visa,Purchase
2100e85c-2fc1-44af-ae43-4c5c3b47c2c3,12683,149,33,2023-10-28,10:06:01,6,8027.7,Discover,Refund
2659a196-40fa-40c7-92de-3fff866d9db5,12088,199,13,2023-11-06,11:32:25,7,4697.35,Mastercard,Purchase
55a24bb2-bc7e-4404-9913-3d2bbb5c2d1b,41963,199,24,2024-05-12,21:25:15,6,4026.3,Discover,Refund
5eda82ff-42ab-4541-954f-cc31aa69e1e9,25691,149,65,2024-04-13,05:38:14,9,12041.55,Mastercard,Purchase
5115e6bd-2bae-462c-895a-3fcc3b9c40a9,42061,189,35,2024-07-07,07:51:22,10,6746.3,Mastercard,Purchase
33c66457-b54f-490e-8277-3e5212f842dd,20667,143,61,2024-08-03,01:28:27,3,2931.3,Discover,Purchase
bce29192-656f-46a9-83cd-22a0f6510daf,37053,119,34,2023-10-25,04:17:05,10,8581.5,Visa,Purchase
e2aa46f5-7b3e-4bdb-9966-b941133162c4,20604,159,3,2024-07-05,03:52:35,1,1029.81,Mastercard,Refund
aee92f47-9e22-4ef8-b5ab-7d268184fb94,24103,159,34,2024-06-24,04:37:43,9,9268.29,Discover,Purchase
d0433659-3de9-4201-823b-768d11897e90,49848,159,24,2024-04-06,12:38:30,1,1029.81,Discover,Purchase
d3f14054-21df-4321-bc8c-f1ecf044ce60,33519,199,42,2023-10-30,14:15:38,3,2013.15,American Express,Refund
93ec67d9-3323-42fd-8c89-47066aca0a52,45295,144,35,2023-12-14,20:58:49,8,2779.2,American Express,Purchase
0cc6aa43-e1aa-46f0-8f69-04d39831ae78,27652,149,3,2024-05-20,03:58:21,2,2675.9,Visa,Refund
9fc5c0d3-490e-4b9f-80dd-bb3856515c89,42046,102,56,2024-09-04,19:07:51,10,8906.9,Visa,Purchase
6980e24b-9772-4cd9-bbf7-54efcd25a910,43238,119,16,2024-06-14,14:40:59,8,6865.2,American Express,Purchase
2c2869d4-55fb-44a6-97fa-f538c7e3bf82,49177,173,65,2024-04-27,06:53:46,7,9667.07,American Express,Purchase
711610e1-1091-48f3-8a70-b2171f4180b8,12514,169,42,2024-06-10,02:51:06,6,7417.2,Visa,Purchase
4ee56a70-e378-4546-bbc4-727f131b58c8,20212,119,34,2024-07-12,11:46:03,2,1716.3,Mastercard,Purchase
2eb4d301-254a-44a5-9b7d-68f28dc441e9,10720,144,13,2024-02-07,23:31:31,5,1737,Visa,Purchase
ab9286ed-d7a7-45ab-91e3-57ea1f056e60,44756,189,13,2024-01-16,16:09:53,6,4047.78,American Express,Purchase
a0748574-f5ba-404d-90e8-96fe1393e882,25547,143,65,2024-01-06,02:49:49,2,1954.2,American Express,Purchase
f330a6e3-ac05-460e-adb8-d0ff7ecbdf2d,22792,160,64,2023-11-23,00:06:01,2,1333.24,Mastercard,Purchase
58ad90c0-46e2-4b62-998d-f4f240706c2f,45677,144,35,2023-11-01,15:51:49,10,3474,Mastercard,Refund
9448eece-4713-4f63-9900-56c4cd124c50,15204,119,64,2024-01-10,02:25:45,8,6865.2,Mastercard,Purchase
61edede6-a841-4bac-ba81-4fd93680161a,45783,173,56,2023-12-14,22:37:27,10,13810.1,Discover,Purchase
9fa4f6fb-3d21-45ef-97d3-85abb4a4676c,9434,143,55,2024-06-18,18:07:15,6,5862.6,Mastercard,Refund
8ae2bc88-fa55-41bd-8f23-4ee999eb4581,46070,102,61,2024-02-15,02:05:47,3,2672.07,Discover,Purchase
f2f88fdb-6bc5-4dbd-905e-c6891b054756,35029,149,16,2024-08-12,16:45:16,9,12041.55,Mastercard,Purchase
803a0288-1e21-4619-8d64-2abea52a6a2f,34125,173,13,2024-06-07,21:39:37,3,4143.03,Visa,Purchase
6f21de27-253d-4a1c-bf40-f39c815bd629,17648,199,55,2024-02-14,13:59:20,7,4697.35,Discover,Purchase
9a712ce5-3766-4b6d-b32b-a1681d52ef41,31824,119,16,2023-11-30,13:19:24,7,6007.05,American Express,Refund
b365de09-b7e9-49be-ba6f-0a1f648bbf5d,5905,169,35,2024-03-03,13:26:14,7,8653.4,Mastercard,Purchase
c36ac559-8d83-4eb5-9736-6ae27f1a2abd,36926,149,61,2024-04-14,12:35:11,2,2675.9,American Express,Purchase
5bec0709-cfde-4b0d-9a56-e670f25c799c,27494,173,65,2023-10-31,22:56:20,7,9667.07,Visa,Purchase
8751e0e2-c77c-4218-9425-f6fdeab93dec,44597,199,42,2024-05-02,01:29:14,4,2684.2,Visa,Refund
2f7a2bd8-d3da-422b-9ace-e5fac984eb49,13813,159,56,2024-08-27,22:10:01,2,2059.62,Mastercard,Refund
bed80335-fbaf-43c2-984f-9d81bb4168f3,18680,160,55,2024-10-06,06:57:40,4,2666.48,Visa,Purchase
a390e8f5-9ed4-4a69-8c91-5df2667088f7,32135,119,64,2024-02-19,01:00:12,10,8581.5,Visa,Refund
a0898a25-b9f5-438e-a568-9e4655607bc3,30479,169,3,2023-10-29,16:08:03,3,3708.6,Discover,Purchase
20d6d36b-994e-4f2a-9971-f46f33558644,32528,189,35,2024-09-28,06:47:14,5,3373.15,American Express,Purchase
93ca68fb-0c86-4806-8d94-4f813def7ef9,32710,160,34,2024-01-29,12:03:36,8,5332.96,Visa,Refund
ae993f15-e218-4e36-a395-142aa5eacf83,22087,169,40,2023-12-07,09:36:46,7,8653.4,Visa,Purchase
e360e4d6-6e7c-4222-993e-7c2eaa44c45d,19229,189,33,2024-01-30,12:10:37,5,3373.15,Visa,Refund
6ef10420-e5af-4e3a-9906-7f5803d34709,34372,102,42,2024-10-07,22:26:34,9,8016.21,Visa,Purchase
07b90c39-2bb8-4d61-a3d0-83494fb4af36,33144,144,42,2023-11-01,15:55:00,8,2779.2,Mastercard,Purchase
2eae019f-fb67-4223-823d-f360d8fd8e01,47599,144,55,2024-02-09,08:39:22,2,694.8,Mastercard,Purchase
5ab0ae05-0a9b-4368-87be-fba10968f533,1601,173,34,2023-10-27,20:53:34,10,13810.1,Mastercard,Purchase
632ac2ae-1dce-4fee-af58-bda728a4dd30,38722,143,40,2023-11-26,07:14:42,3,2931.3,Mastercard,Purchase
8f7bd9cc-3276-4d24-ab70-97bc732cf9c0,25481,189,40,2023-10-13,21:33:41,2,1349.26,Discover,Purchase
e4a82879-5363-4df6-ac0c-9d4007cbf2c0,24070,160,65,2023-12-05,20:13:39,3,1999.86,Discover,Purchase
8de2c250-4c10-4c18-ba40-2e9eb9eadd89,10837,189,33,2023-10-16,12:56:34,4,2698.52,American Express,Refund
9d2e06ab-03e6-41f7-b723-9f7b3f94fed1,49290,199,3,2023-12-30,04:30:26,1,671.05,Discover,Refund
9915d01b-ea78-43f2-b109-c0f50b70deb0,28655,143,42,2024-02-01,19:05:41,10,9771,American Express,Purchase
e8daa5d1-e787-4365-a5fd-101c8394d5c3,36516,159,35,2024-03-09,06:28:02,6,6178.86,Visa,Refund
aa5e5006-b829-42df-902f-632c91557c9e,30152,159,16,2024-07-06,07:45:24,3,3089.43,American Express,Purchase
b1126b7e-7b10-4391-9b7a-68ea6d5d8bad,47758,143,56,2024-04-21,13:17:39,3,2931.3,Visa,Purchase
4a9febe6-a1b8-4e85-b152-5ec15d939409,16804,149,64,2024-07-19,01:16:50,2,2675.9,American Express,Refund
bb0cadcf-cd4f-48b7-92ae-afd9c559472a,9613,143,3,2024-07-22,07:36:34,5,4885.5,American Express,Purchase
398da58d-ad05-4ff2-a0af-3a16a82c56ed,12002,119,3,2024-02-02,21:42:57,7,6007.05,Discover,Purchase
aa6820f5-a878-4808-84a7-cd1824005641,49290,119,3,2024-04-25,02:08:32,8,6865.2,Discover,Purchase
b4a15b40-5c87-4aeb-b9d1-5b82d4a0522a,45402,154,13,2024-04-05,16:05:47,3,1534.8,Discover,Refund
56b992e6-ae3c-4606-aa08-85c65cf23cf1,35177,143,13,2024-04-18,14:04:29,3,2931.3,Mastercard,Purchase
ef076a04-59a0-4fb9-83ff-3490d5fd991b,28389,173,56,2024-05-13,07:28:59,10,13810.1,Visa,Purchase
2ad7c68c-3a57-4059-88a3-8ff0b6d2b186,46313,102,13,2024-07-07,10:58:16,2,1781.38,Visa,Refund
671faa58-45f7-45a0-a443-18cd1ac33780,15854,144,34,2024-05-15,15:37:37,2,694.8,American Express,Purchase
d29a42e3-36a3-4996-8a0e-298ae55b0342,17786,199,64,2024-10-05,13:12:07,8,5368.4,Discover,Purchase
3eb8c32d-c20b-4701-8ade-97e74504a013,44419,154,3,2024-09-16,08:19:11,1,511.6,American Express,Purchase
dd9fb019-2f11-4943-a2c3-22b1c65690ad,1634,144,3,2024-01-23,18:45:44,1,347.4,Discover,Purchase
5074f2a9-e519-44b8-a728-f24f890dcfc8,2586,173,3,2024-02-07,01:30:27,4,5524.04,Mastercard,Purchase
c1357f29-cce1-49ae-91e1-ffefbbb9c5ac,36516,160,40,2024-09-06,00:34:07,9,5999.58,Discover,Refund
85e221c4-7bb1-4ac9-a533-d627beea13a5,11494,119,40,2023-10-25,11:20:48,4,3432.6,Discover,Purchase
9bdce8ee-5f66-4976-b9f6-327ed93df31b,5739,169,65,2024-03-02,14:35:07,4,4944.8,Mastercard,Purchase
43472098-9f5b-4b89-aad0-2036883dd803,11428,149,3,2023-12-05,07:10:54,2,2675.9,American Express,Refund
c3028f9e-4e6e-4ac7-86e7-1b975ad3248f,37916,144,40,2023-12-14,09:55:55,1,347.4,Visa,Refund
b404d90b-8b37-4a8f-a02d-92b95a890d8d,26051,154,34,2024-01-20,10:25:40,3,1534.8,Discover,Purchase
cdaa8f65-9438-4172-8cba-3b7d1ab71a80,23508,143,33,2023-11-11,18:59:23,7,6839.7,Mastercard,Purchase
c8b8f2d1-1f2e-44f2-8ecc-3b2ee0f51cb4,11875,144,56,2024-04-29,12:10:48,5,1737,American Express,Purchase
cdb69efd-3c3f-4684-8914-9624758c83ed,2413,143,55,2024-06-12,16:49:50,4,3908.4,Visa,Refund
a5b1e234-d485-47c2-82c4-a34f606e0d56,24646,159,35,2024-01-07,11:56:08,9,9268.29,American Express,Refund
5c63dc61-46e1-4fd7-8eb3-fb9775cba9bc,49563,149,33,2024-02-16,07:59:51,7,9365.65,Visa,Purchase
ce64b5b9-6be6-4f67-9ef3-0564bfa11c36,31037,169,13,2024-09-10,19:25:06,10,12362,Mastercard,Purchase
6f3cfe41-2a9c-4e8f-ad8a-9a91901594eb,46660,189,16,2024-06-14,23:35:15,2,1349.26,Discover,Purchase
496b0b16-0959-45f5-a1f4-e55a921f1c3c,46874,144,24,2024-05-22,21:57:26,1,347.4,Mastercard,Purchase
fd7f1ea8-bbd5-47da-b902-3cb9b3f5128c,44651,102,55,2024-05-19,16:56:50,5,4453.45,Discover,Purchase
e4860e17-0f94-48dd-84a0-e5f86b52a4af,41901,143,64,2024-08-27,17:09:30,7,6839.7,American Express,Refund
986cb792-a55c-4946-bebe-d84933e74e29,45238,159,13,2024-01-25,10:35:31,8,8238.48,Visa,Refund
a0769a62-1ae4-4bae-9627-bebea04d4167,32273,169,34,2024-02-14,10:13:22,3,3708.6,Visa,Purchase
22700177-a049-4713-99b5-720ec3507372,15341,119,33,2023-11-19,15:14:04,6,5148.9,Mastercard,Refund
7f17e6e0-c122-41d7-8e00-24d97dddfc7c,7326,173,55,2024-04-07,07:53:25,9,12429.09,Visa,Purchase
b85405bd-d26d-40d4-9c88-876f020da481,36923,199,13,2023-11-18,21:45:59,2,1342.1,Mastercard,Purchase
f0662f66-47d3-4347-acc5-10b0de2ca557,41047,159,3,2024-04-30,23:07:16,3,3089.43,American Express,Purchase
5de31260-7956-4e07-afb6-d3c6625ffb37,20966,189,55,2024-09-17,12:12:10,9,6071.67,American Express,Refund
81ba873a-e9ca-43d0-a8e9-b6c8d21e3429,23315,160,61,2024-03-12,01:13:54,8,5332.96,Discover,Refund
ba4dedd5-956f-41ad-ba01-59463c7199dc,4737,169,40,2024-01-14,01:03:10,9,11125.8,Mastercard,Purchase
c54d68ea-cb91-4140-9f37-e71b157584b8,18153,159,64,2024-09-20,18:02:25,9,9268.29,Mastercard,Purchase
c7fd144f-148a-4bfc-807e-b3c008076038,41929,189,61,2024-06-12,02:52:36,6,4047.78,Visa,Purchase
06ee081f-9279-428f-90e3-bb1d987d31eb,44419,189,16,2024-07-19,13:19:45,7,4722.41,Mastercard,Purchase
cb54f952-4124-4993-ae15-ef0615f1b00e,24177,149,64,2024-10-04,05:31:25,6,8027.7,American Express,Purchase
0175f6d0-a539-466d-b2bb-6bccc8c327f6,41001,160,42,2023-11-05,02:31:14,5,3333.1,Discover,Purchase
ca0cbd50-e276-4e9d-b9d6-0cd23cb1255e,18793,143,24,2024-01-07,16:39:45,6,5862.6,American Express,Refund
c70b0e79-f4a8-472b-87ba-d43336b32a68,46880,159,33,2023-11-04,14:53:03,3,3089.43,Discover,Purchase
b05629d7-6bda-4300-abd5-987682742550,49489,143,40,2024-09-27,05:47:16,5,4885.5,Discover,Purchase
adc67aee-4da2-4298-865b-bdd2dfaaa519,48709,143,24,2024-07-27,05:10:55,7,6839.7,Discover,Purchase
4ee6bbe6-4da4-4b8c-b3b5-64b65691f017,35441,144,35,2023-10-21,13:21:05,1,347.4,Mastercard,Purchase
918e74c6-3728-46a9-a65d-3380049291a6,25103,144,40,2024-02-24,22:22:46,8,2779.2,Mastercard,Refund
67df380a-c703-4a3b-92c7-affb39a44903,16635,149,56,2024-05-19,18:53:07,10,13379.5,Discover,Purchase
e3030f42-53f2-4003-a455-83de416850b2,7498,173,35,2024-01-31,11:30:34,3,4143.03,Discover,Refund
71155659-4521-4d4c-9124-91c04f380d7b,34325,149,42,2024-08-08,02:39:20,10,13379.5,American Express,Purchase
125ca6b3-266b-4e73-a02a-4a1c34d668f0,45577,119,13,2024-10-04,06:50:15,7,6007.05,Visa,Purchase
337efe51-dd1d-41df-853f-9d161fb19ba5,47185,160,65,2024-09-13,13:57:34,10,6666.2,Discover,Purchase
10cab4a5-74c7-427d-9ae2-ba2389de2fe0,1909,102,65,2024-02-17,11:40:51,3,2672.07,Visa,Refund
8f3dd978-3b66-4bce-9b15-43946bba788f,31718,119,56,2024-07-14,04:14:31,5,4290.75,American Express,Purchase
b5761424-f41f-454f-9048-ba64089c414c,45207,154,35,2024-04-20,05:15:24,4,2046.4,Discover,Refund
f4c17aad-af62-4081-a8d9-fa433cfeec15,14427,189,55,2024-06-21,17:00:45,1,674.63,Discover,Purchase
1229f02f-89d7-428a-895a-3fcc7a3dedc7,46875,154,34,2024-05-29,17:01:21,3,1534.8,Visa,Refund
5039040e-22f4-421f-9094-349232b3608a,2584,160,65,2024-06-01,05:30:32,3,1999.86,Visa,Purchase
e7c881dd-d3a8-4438-b03d-fcec9e3af226,41338,169,56,2024-02-29,19:06:11,5,6181,Mastercard,Purchase
16b95da9-7cdd-47ee-8cef-1859eb3495e4,2584,144,55,2024-06-08,13:04:41,6,2084.4,Visa,Purchase
